Date;District;Ag_Neg;Ag_Pos;Total
11.10.2020;Okres Bánovce nad Bebravou;0;0;0
11.10.2020;Okres Ilava;0;0;0
12.10.2020;Okres Bánovce nad Bebravou;0;0;0
12.10.2020;Okres Banská Bystrica;13;0;13
12.10.2020;Okres Bardejov;60;15;75
12.10.2020;Okres Dolný Kubín;0;0;0
12.10.2020;Okres Galanta;0;0;0
12.10.2020;Okres Humenné;0;0;0
12.10.2020;Okres Košice I;0;0;0
12.10.2020;Okres Košice IV;0;0;0
12.10.2020;Okres Liptovský Mikuláš;0;0;0
12.10.2020;Okres Michalovce;0;0;0
12.10.2020;Okres Myjava;0;0;0
12.10.2020;Okres Partizánske;0;0;0
12.10.2020;Okres Pieš?any;41;1;42
12.10.2020;Okres Poprad;274;20;294
12.10.2020;Okres Prievidza;0;0;0
12.10.2020;Okres Revúca;1;0;1
12.10.2020;Okres Rimavská Sobota;0;0;0
12.10.2020;Okres Rož?ava;0;0;0
12.10.2020;Okres Spišská Nová Ves;0;0;0
12.10.2020;Okres Zvolen;96;4;100
12.10.2020;Okres Žiar nad Hronom;0;0;0
13.10.2020;Okres Banská Bystrica;13;2;15
13.10.2020;Okres Bratislava I;0;0;0
13.10.2020;Okres Bratislava II;14;0;14
13.10.2020;Okres Bratislava III;94;8;102
13.10.2020;Okres Bratislava V;0;0;0
13.10.2020;Okres ?adca;0;0;0
13.10.2020;Okres Dolný Kubín;349;36;385
13.10.2020;Okres Galanta;0;0;0
13.10.2020;Okres Humenné;0;0;0
13.10.2020;Okres Ilava;0;0;0
13.10.2020;Okres Komárno;0;0;0
13.10.2020;Okres Košice I;0;0;0
13.10.2020;Okres Košice II;1;0;1
13.10.2020;Okres Košice IV;3;0;3
13.10.2020;Okres Liptovský Mikuláš;0;0;0
13.10.2020;Okres Lu?enec;11;1;12
13.10.2020;Okres Michalovce;76;3;79
13.10.2020;Okres Nitra;82;2;84
13.10.2020;Okres Pieš?any;3;0;3
13.10.2020;Okres Poprad;50;6;56
13.10.2020;Okres Prievidza;94;12;106
13.10.2020;Okres Revúca;3;0;3
13.10.2020;Okres Rimavská Sobota;0;0;0
13.10.2020;Okres Ružomberok;0;0;0
13.10.2020;Okres Skalica;13;2;15
13.10.2020;Okres Sobrance;0;0;0
13.10.2020;Okres Spišská Nová Ves;0;0;0
13.10.2020;Okres Topo??any;0;0;0
13.10.2020;Okres Trebišov;0;0;0
13.10.2020;Okres Tren?ín;11;0;11
13.10.2020;Okres Tvrdošín;0;0;0
13.10.2020;Okres Zvolen;142;8;150
13.10.2020;Okres Žiar nad Hronom;0;0;0
13.10.2020;Okres Žilina;109;4;113
14.10.2020;Okres Banská Bystrica;3;1;4
14.10.2020;Okres Banská Štiavnica;0;0;0
14.10.2020;Okres Bardejov;20;5;25
14.10.2020;Okres Bratislava I;1;;1
14.10.2020;Okres Bratislava II;0;0;0
14.10.2020;Okres Bratislava III;3;0;3
14.10.2020;Okres Bratislava V;0;0;0
14.10.2020;Okres ?adca;0;0;0
14.10.2020;Okres Dolný Kubín;9;1;10
14.10.2020;Okres Galanta;0;0;0
14.10.2020;Okres Ilava;0;0;0
14.10.2020;Okres Kežmarok;0;0;0
14.10.2020;Okres Komárno;0;0;0
14.10.2020;Okres Košice I;0;0;0
14.10.2020;Okres Košice II;3;0;3
14.10.2020;Okres Košice IV;4;0;4
14.10.2020;Okres Liptovský Mikuláš;0;0;0
14.10.2020;Okres Lu?enec;4;;4
14.10.2020;Okres Michalovce;1;;1
14.10.2020;Okres Myjava;0;0;0
14.10.2020;Okres Nitra;22;4;26
14.10.2020;Okres Nové Mesto nad Váhom;0;0;0
14.10.2020;Okres Pieš?any;451;3;454
14.10.2020;Okres Poprad;34;5;39
14.10.2020;Okres Prievidza;24;4;28
14.10.2020;Okres Revúca;4;0;4
14.10.2020;Okres Rimavská Sobota;0;0;0
14.10.2020;Okres Ružomberok;0;0;0
14.10.2020;Okres Skalica;3;;3
14.10.2020;Okres Sobrance;0;0;0
14.10.2020;Okres Topo??any;0;0;0
14.10.2020;Okres Tren?ín;18;3;21
14.10.2020;Okres Tvrdošín;0;0;0
14.10.2020;Okres Zvolen;20;0;20
14.10.2020;Okres Žiar nad Hronom;0;0;0
14.10.2020;Okres Žilina;260;5;265
15.10.2020;Okres Banská Bystrica;4;0;4
15.10.2020;Okres Banská Štiavnica;0;0;0
15.10.2020;Okres Bardejov;29;15;44
15.10.2020;Okres Bratislava I;0;0;0
15.10.2020;Okres Bratislava II;0;0;0
15.10.2020;Okres Bratislava III;6;1;7
15.10.2020;Okres Bratislava V;0;0;0
15.10.2020;Okres Brezno;0;0;0
15.10.2020;Okres Dolný Kubín;4;1;5
15.10.2020;Okres Galanta;0;0;0
15.10.2020;Okres Ilava;0;0;0
15.10.2020;Okres Komárno;0;0;0
15.10.2020;Okres Košice I;0;0;0
15.10.2020;Okres Košice II;0;0;0
15.10.2020;Okres Košice IV;16;5;21
15.10.2020;Okres Liptovský Mikuláš;0;0;0
15.10.2020;Okres Lu?enec;7;1;8
15.10.2020;Okres Malacky;0;;0
15.10.2020;Okres Michalovce;3;0;3
15.10.2020;Okres Myjava;0;0;0
15.10.2020;Okres Nitra;31;2;33
15.10.2020;Okres Nové Mesto nad Váhom;0;0;0
15.10.2020;Okres Pieš?any;60;1;61
15.10.2020;Okres Poprad;56;3;59
15.10.2020;Okres Prievidza;28;4;32
15.10.2020;Okres Revúca;6;0;6
15.10.2020;Okres Rimavská Sobota;0;0;0
15.10.2020;Okres Ružomberok;0;0;0
15.10.2020;Okres Skalica;6;1;7
15.10.2020;Okres Spišská Nová Ves;0;0;0
15.10.2020;Okres Topo??any;0;0;0
15.10.2020;Okres Tren?ín;11;0;11
15.10.2020;Okres Tvrdošín;0;0;0
15.10.2020;Okres Zvolen;12;0;12
15.10.2020;Okres Žiar nad Hronom;0;0;0
15.10.2020;Okres Žilina;57;2;59
16.10.2020;Okres Bánovce nad Bebravou;0;0;0
16.10.2020;Okres Banská Bystrica;9;0;9
16.10.2020;Okres Bardejov;14;2;16
16.10.2020;Okres Bratislava I;0;0;0
16.10.2020;Okres Bratislava II;0;0;0
16.10.2020;Okres Bratislava III;14;1;15
16.10.2020;Okres Bratislava V;0;0;0
16.10.2020;Okres ?adca;0;0;0
16.10.2020;Okres Dolný Kubín;6;1;7
16.10.2020;Okres Galanta;0;0;0
16.10.2020;Okres Ilava;0;0;0
16.10.2020;Okres Kežmarok;0;0;0
16.10.2020;Okres Komárno;0;0;0
16.10.2020;Okres Košice I;0;0;0
16.10.2020;Okres Košice II;0;0;0
16.10.2020;Okres Košice IV;19;0;19
16.10.2020;Okres Liptovský Mikuláš;0;0;0
16.10.2020;Okres Martin;7;5;12
16.10.2020;Okres Michalovce;0;0;0
16.10.2020;Okres Myjava;0;0;0
16.10.2020;Okres Nitra;28;3;31
16.10.2020;Okres Nové Mesto nad Váhom;0;0;0
16.10.2020;Okres Pieš?any;36;0;36
16.10.2020;Okres Poprad;43;1;44
16.10.2020;Okres Prievidza;30;6;36
16.10.2020;Okres Revúca;1;0;1
16.10.2020;Okres Rimavská Sobota;0;0;0
16.10.2020;Okres Ružomberok;0;0;0
16.10.2020;Okres Skalica;9;2;11
16.10.2020;Okres Snina;0;0;0
16.10.2020;Okres Spišská Nová Ves;0;0;0
16.10.2020;Okres Topo??any;0;0;0
16.10.2020;Okres Tren?ín;12;0;12
16.10.2020;Okres Tvrdošín;0;0;0
16.10.2020;Okres Zvolen;27;3;30
16.10.2020;Okres Žiar nad Hronom;0;0;0
16.10.2020;Okres Žilina;38;3;41
17.10.2020;Okres Galanta;0;0;0
17.10.2020;Okres Ilava;0;0;0
17.10.2020;Okres Pezinok;0;0;0
17.10.2020;Okres Prievidza;0;0;0
18.10.2020;Okres Bratislava II;92;0;92
18.10.2020;Okres Galanta;0;0;0
18.10.2020;Okres Ilava;0;0;0
18.10.2020;Okres Prievidza;0;0;0
19.10.2020;Okres Bánovce nad Bebravou;0;0;0
19.10.2020;Okres Banská Bystrica;40;6;46
19.10.2020;Okres Bardejov;44;6;50
19.10.2020;Okres Bratislava I;0;0;0
19.10.2020;Okres Bratislava II;63;1;64
19.10.2020;Okres Bratislava III;17;2;19
19.10.2020;Okres Bratislava V;0;0;0
19.10.2020;Okres Brezno;0;5;5
19.10.2020;Okres ?adca;0;0;0
19.10.2020;Okres Dolný Kubín;9;2;11
19.10.2020;Okres Galanta;0;0;0
19.10.2020;Okres Ilava;0;0;0
19.10.2020;Okres Kežmarok;0;0;0
19.10.2020;Okres Komárno;0;0;0
19.10.2020;Okres Košice I;0;0;0
19.10.2020;Okres Košice II;0;0;0
19.10.2020;Okres Košice IV;6;0;6
19.10.2020;Okres Levice;3;;3
19.10.2020;Okres Liptovský Mikuláš;0;0;0
19.10.2020;Okres Lu?enec;0;0;0
19.10.2020;Okres Martin;16;3;19
19.10.2020;Okres Michalovce;4;0;4
19.10.2020;Okres Myjava;0;0;0
19.10.2020;Okres Nitra;76;1;77
19.10.2020;Okres Partizánske;0;0;0
19.10.2020;Okres Pezinok;0;0;0
19.10.2020;Okres Pieš?any;59;0;59
19.10.2020;Okres Poprad;191;9;200
19.10.2020;Okres Prievidza;56;24;80
19.10.2020;Okres Revúca;2;0;2
19.10.2020;Okres Rimavská Sobota;0;0;0
19.10.2020;Okres Rož?ava;0;0;0
19.10.2020;Okres Ružomberok;0;0;0
19.10.2020;Okres Sobrance;0;0;0
19.10.2020;Okres Spišská Nová Ves;0;0;0
19.10.2020;Okres Topo??any;0;0;0
19.10.2020;Okres Trebišov;28;1;29
19.10.2020;Okres Tren?ín;27;1;28
19.10.2020;Okres Tvrdošín;0;0;0
19.10.2020;Okres Zvolen;31;1;32
19.10.2020;Okres Žiar nad Hronom;0;0;0
19.10.2020;Okres Žilina;55;7;62
20.10.2020;Okres Bánovce nad Bebravou;0;0;0
20.10.2020;Okres Banská Bystrica;10;3;13
20.10.2020;Okres Banská Štiavnica;0;0;0
20.10.2020;Okres Bardejov;14;4;18
20.10.2020;Okres Bratislava I;4;0;4
20.10.2020;Okres Bratislava II;83;3;86
20.10.2020;Okres Bratislava III;4;0;4
20.10.2020;Okres Bratislava V;1;1;2
20.10.2020;Okres ?adca;0;0;0
20.10.2020;Okres Dolný Kubín;40;5;45
20.10.2020;Okres Galanta;0;0;0
20.10.2020;Okres Ilava;0;0;0
20.10.2020;Okres Komárno;0;0;0
20.10.2020;Okres Košice IV;7;1;8
20.10.2020;Okres Levice;2;;2
20.10.2020;Okres Liptovský Mikuláš;0;0;0
20.10.2020;Okres Lu?enec;19;;19
20.10.2020;Okres Martin;18;1;19
20.10.2020;Okres Michalovce;3;;3
20.10.2020;Okres Myjava;0;0;0
20.10.2020;Okres Nitra;76;6;82
20.10.2020;Okres Pezinok;5;0;5
20.10.2020;Okres Pieš?any;41;2;43
20.10.2020;Okres Poprad;51;3;54
20.10.2020;Okres Prievidza;24;4;28
20.10.2020;Okres Revúca;5;0;5
20.10.2020;Okres Rimavská Sobota;0;0;0
20.10.2020;Okres Ružomberok;0;0;0
20.10.2020;Okres Skalica;17;2;19
20.10.2020;Okres Spišská Nová Ves;0;0;0
20.10.2020;Okres Topo??any;0;0;0
20.10.2020;Okres Trebišov;4;0;4
20.10.2020;Okres Tren?ín;23;2;25
20.10.2020;Okres Tvrdošín;0;0;0
20.10.2020;Okres Zvolen;32;0;32
20.10.2020;Okres Žiar nad Hronom;0;0;0
20.10.2020;Okres Žilina;69;2;71
21.10.2020;Okres Banská Bystrica;16;3;19
21.10.2020;Okres Banská Štiavnica;0;0;0
21.10.2020;Okres Bardejov;15;2;17
21.10.2020;Okres Bratislava I;0;0;0
21.10.2020;Okres Bratislava II;77;0;77
21.10.2020;Okres Bratislava III;4;2;6
21.10.2020;Okres Bratislava V;5;1;6
21.10.2020;Okres ?adca;0;0;0
21.10.2020;Okres Dolný Kubín;12;2;14
21.10.2020;Okres Dunajská Streda;2;1;3
21.10.2020;Okres Galanta;0;0;0
21.10.2020;Okres Ilava;0;0;0
21.10.2020;Okres Komárno;0;0;0
21.10.2020;Okres Košice II;76;1;77
21.10.2020;Okres Košice IV;6;0;6
21.10.2020;Okres Liptovský Mikuláš;0;0;0
21.10.2020;Okres Lu?enec;15;;15
21.10.2020;Okres Martin;28;8;36
21.10.2020;Okres Michalovce;2;1;3
21.10.2020;Okres Myjava;0;0;0
21.10.2020;Okres Nitra;200;2;202
21.10.2020;Okres Nové Mesto nad Váhom;0;0;0
21.10.2020;Okres Pezinok;4;3;7
21.10.2020;Okres Pieš?any;44;0;44
21.10.2020;Okres Poprad;43;6;49
21.10.2020;Okres Prievidza;26;8;34
21.10.2020;Okres Revúca;7;0;7
21.10.2020;Okres Rimavská Sobota;0;0;0
21.10.2020;Okres Ružomberok;0;0;0
21.10.2020;Okres Skalica;27;2;29
21.10.2020;Okres Spišská Nová Ves;0;0;0
21.10.2020;Okres Topo??any;0;0;0
21.10.2020;Okres Trebišov;0;0;0
21.10.2020;Okres Tren?ín;27;1;28
21.10.2020;Okres Zlaté Moravce;8;1;9
21.10.2020;Okres Zvolen;228;0;228
21.10.2020;Okres Žiar nad Hronom;0;0;0
21.10.2020;Okres Žilina;34;4;38
22.10.2020;Okres Banská Bystrica;12;2;14
22.10.2020;Okres Bardejov;15;4;19
22.10.2020;Okres Bratislava I;7;2;9
22.10.2020;Okres Bratislava II;45;4;49
22.10.2020;Okres Bratislava III;7;0;7
22.10.2020;Okres Bratislava V;3;0;3
22.10.2020;Okres Brezno;99;22;121
22.10.2020;Okres ?adca;0;0;0
22.10.2020;Okres Dolný Kubín;6;1;7
22.10.2020;Okres Dunajská Streda;2;2;4
22.10.2020;Okres Galanta;2;0;2
22.10.2020;Okres Humenné;0;0;0
22.10.2020;Okres Kežmarok;4;0;4
22.10.2020;Okres Komárno;103;17;120
22.10.2020;Okres Košice II;500;1;501
22.10.2020;Okres Košice IV;1;0;1
22.10.2020;Okres Levice;214;16;230
22.10.2020;Okres Lu?enec;16;;16
22.10.2020;Okres Malacky;0;0;0
22.10.2020;Okres Michalovce;3;13;16
22.10.2020;Okres Myjava;0;0;0
22.10.2020;Okres Nitra;94;2;96
22.10.2020;Okres Nové Mesto nad Váhom;2;0;2
22.10.2020;Okres Partizánske;24;6;30
22.10.2020;Okres Pezinok;142;9;151
22.10.2020;Okres Pieš?any;43;0;43
22.10.2020;Okres Poprad;145;4;149
22.10.2020;Okres Prešov;14;0;14
22.10.2020;Okres Prievidza;26;4;30
22.10.2020;Okres Revúca;38;0;38
22.10.2020;Okres Rimavská Sobota;0;0;0
22.10.2020;Okres Rož?ava;3;1;4
22.10.2020;Okres Ružomberok;0;0;0
22.10.2020;Okres Skalica;8;0;8
22.10.2020;Okres Snina;0;0;0
22.10.2020;Okres Sobrance;0;0;0
22.10.2020;Okres Spišská Nová Ves;20;1;21
22.10.2020;Okres Stará ?ubov?a;218;22;240
22.10.2020;Okres Topo??any;22;3;25
22.10.2020;Okres Trebišov;3;0;3
22.10.2020;Okres Tren?ín;30;2;32
22.10.2020;Okres Zlaté Moravce;11;1;12
22.10.2020;Okres Zvolen;88;0;88
22.10.2020;Okres Žiar nad Hronom;0;0;0
22.10.2020;Okres Žilina;27;2;29
23.10.2020;Okres Banská Bystrica;20;0;20
23.10.2020;Okres Bardejov;14;2;16
23.10.2020;Okres Bratislava I;9;3;12
23.10.2020;Okres Bratislava II;116;2;118
23.10.2020;Okres Bratislava III;2;0;2
23.10.2020;Okres Bratislava V;2;0;2
23.10.2020;Okres Brezno;99;22;121
23.10.2020;Okres ?adca;0;0;0
23.10.2020;Okres Dolný Kubín;33;6;39
23.10.2020;Okres Dunajská Streda;1;0;1
23.10.2020;Okres Galanta;5;0;5
23.10.2020;Okres Humenné;0;0;0
23.10.2020;Okres Kežmarok;28;;28
23.10.2020;Okres Komárno;38;0;38
23.10.2020;Okres Košice I;0;0;0
23.10.2020;Okres Košice II;270;4;274
23.10.2020;Okres Košice IV;0;0;0
23.10.2020;Okres Levice;428;32;460
23.10.2020;Okres Liptovský Mikuláš;17;1;18
23.10.2020;Okres Lu?enec;19;;19
23.10.2020;Okres Malacky;0;0;0
23.10.2020;Okres Martin;14;2;16
23.10.2020;Okres Michalovce;17;2;19
23.10.2020;Okres Myjava;0;0;0
23.10.2020;Okres Nitra;285;8;293
23.10.2020;Okres Nové Mesto nad Váhom;0;0;0
23.10.2020;Okres Partizánske;10;2;12
23.10.2020;Okres Pezinok;15;3;18
23.10.2020;Okres Pieš?any;938;10;948
23.10.2020;Okres Poprad;144;5;149
23.10.2020;Okres Prešov;14;0;14
23.10.2020;Okres Prievidza;38;4;42
23.10.2020;Okres Revúca;9;1;10
23.10.2020;Okres Rimavská Sobota;20;6;26
23.10.2020;Okres Rož?ava;6;1;7
23.10.2020;Okres Ružomberok;0;0;0
23.10.2020;Okres Skalica;22;2;24
23.10.2020;Okres Snina;0;0;0
23.10.2020;Okres Spišská Nová Ves;38;1;39
23.10.2020;Okres Stará ?ubov?a;18;1;19
23.10.2020;Okres Topo??any;0;0;0
23.10.2020;Okres Trebišov;0;0;0
23.10.2020;Okres Tren?ín;106;2;108
23.10.2020;Okres Zlaté Moravce;11;1;12
23.10.2020;Okres Zvolen;63;0;63
23.10.2020;Okres Žiar nad Hronom;0;0;0
23.10.2020;Okres Žilina;38;4;42
24.10.2020;Okres Banská Bystrica;23;1;24
24.10.2020;Okres Bardejov;15;1;16
24.10.2020;Okres Bratislava I;0;1;1
24.10.2020;Okres Bratislava II;120;3;123
24.10.2020;Okres Bratislava III;21;1;22
24.10.2020;Okres Bratislava V;1;0;1
24.10.2020;Okres ?adca;0;0;0
24.10.2020;Okres Dolný Kubín;0;0;0
24.10.2020;Okres Dunajská Streda;3;0;3
24.10.2020;Okres Galanta;2;0;2
24.10.2020;Okres Humenné;0;0;0
24.10.2020;Okres Komárno;10;0;10
24.10.2020;Okres Košice I;0;0;0
24.10.2020;Okres Košice II;30;7;37
24.10.2020;Okres Levo?a;16;;16
24.10.2020;Okres Liptovský Mikuláš;0;0;0
24.10.2020;Okres Lu?enec;8;3;11
24.10.2020;Okres Malacky;0;0;0
24.10.2020;Okres Michalovce;8;7;15
24.10.2020;Okres Myjava;0;2;2
24.10.2020;Okres Nitra;215;10;225
24.10.2020;Okres Nové Mesto nad Váhom;0;0;0
24.10.2020;Okres Partizánske;3;0;3
24.10.2020;Okres Pezinok;79;1;80
24.10.2020;Okres Pieš?any;170;4;174
24.10.2020;Okres Poprad;144;6;150
24.10.2020;Okres Prievidza;19;2;21
24.10.2020;Okres Revúca;12;1;13
24.10.2020;Okres Rimavská Sobota;35;7;42
24.10.2020;Okres Rož?ava;5;1;6
24.10.2020;Okres Ružomberok;0;0;0
24.10.2020;Okres Skalica;18;0;18
24.10.2020;Okres Snina;0;0;0
24.10.2020;Okres Spišská Nová Ves;75;1;76
24.10.2020;Okres Stará ?ubov?a;25;5;30
24.10.2020;Okres Svidník;0;0;0
24.10.2020;Okres Topo??any;1;0;1
24.10.2020;Okres Trebišov;0;0;0
24.10.2020;Okres Tren?ín;106;2;108
24.10.2020;Okres Zlaté Moravce;11;1;12
24.10.2020;Okres Zvolen;36;0;36
24.10.2020;Okres Žiar nad Hronom;0;0;0
25.10.2020;Okres Banská Bystrica;22;2;24
25.10.2020;Okres Bratislava I;0;0;0
25.10.2020;Okres Bratislava II;1;0;1
25.10.2020;Okres Bratislava III;12;2;14
25.10.2020;Okres Bratislava V;2;0;2
25.10.2020;Okres ?adca;0;0;0
25.10.2020;Okres Dolný Kubín;0;0;0
25.10.2020;Okres Dunajská Streda;1;0;1
25.10.2020;Okres Galanta;2;0;2
25.10.2020;Okres Humenné;0;0;0
25.10.2020;Okres Komárno;10;0;10
25.10.2020;Okres Košice I;0;0;0
25.10.2020;Okres Košice II;3;0;3
25.10.2020;Okres Levo?a;16;;16
25.10.2020;Okres Liptovský Mikuláš;0;0;0
25.10.2020;Okres Lu?enec;7;1;8
25.10.2020;Okres Malacky;0;0;0
25.10.2020;Okres Michalovce;5;0;5
25.10.2020;Okres Myjava;1;3;4
25.10.2020;Okres Nitra;30;6;36
25.10.2020;Okres Nové Mesto nad Váhom;0;0;0
25.10.2020;Okres Partizánske;3;1;4
25.10.2020;Okres Pezinok;18;0;18
25.10.2020;Okres Pieš?any;32;2;34
25.10.2020;Okres Poprad;318;8;326
25.10.2020;Okres Prievidza;0;0;0
25.10.2020;Okres Revúca;11;;11
25.10.2020;Okres Rimavská Sobota;100;8;108
25.10.2020;Okres Rož?ava;4;0;4
25.10.2020;Okres Ružomberok;0;0;0
25.10.2020;Okres Skalica;0;0;0
25.10.2020;Okres Snina;0;0;0
25.10.2020;Okres Spišská Nová Ves;67;2;69
25.10.2020;Okres Stará ?ubov?a;12;3;15
25.10.2020;Okres Svidník;0;0;0
25.10.2020;Okres Topo??any;0;0;0
25.10.2020;Okres Trebišov;0;0;0
25.10.2020;Okres Tren?ín;5;1;6
25.10.2020;Okres Zlaté Moravce;22;2;24
25.10.2020;Okres Zvolen;0;0;0
25.10.2020;Okres Žiar nad Hronom;0;0;0
26.10.2020;Okres Banská Bystrica;23;4;27
26.10.2020;Okres Bardejov;26;5;31
26.10.2020;Okres Bratislava I;10;3;13
26.10.2020;Okres Bratislava II;147;2;149
26.10.2020;Okres Bratislava III;9;2;11
26.10.2020;Okres Bratislava IV;20;;20
26.10.2020;Okres Bratislava V;16;3;19
26.10.2020;Okres Brezno;109;23;132
26.10.2020;Okres ?adca;0;0;0
26.10.2020;Okres Dolný Kubín;45;3;48
26.10.2020;Okres Dunajská Streda;13;1;14
26.10.2020;Okres Galanta;3;0;3
26.10.2020;Okres Humenné;0;0;0
26.10.2020;Okres Kežmarok;12;4;16
26.10.2020;Okres Komárno;47;11;58
26.10.2020;Okres Košice I;0;0;0
26.10.2020;Okres Košice II;56;1;57
26.10.2020;Okres Košice IV;6;0;6
26.10.2020;Okres Krupina;2;;2
26.10.2020;Okres Levice;432;31;463
26.10.2020;Okres Levo?a;16;;16
26.10.2020;Okres Liptovský Mikuláš;36;18;54
26.10.2020;Okres Lu?enec;13;1;14
26.10.2020;Okres Malacky;0;0;0
26.10.2020;Okres Martin;17;4;21
26.10.2020;Okres Michalovce;15;3;18
26.10.2020;Okres Myjava;4;5;9
26.10.2020;Okres Nitra;142;13;155
26.10.2020;Okres Nové Mesto nad Váhom;2;0;2
26.10.2020;Okres Partizánske;6;3;9
26.10.2020;Okres Pezinok;27;1;28
26.10.2020;Okres Pieš?any;1007;11;1018
26.10.2020;Okres Poprad;140;17;157
26.10.2020;Okres Prešov;159;28;187
26.10.2020;Okres Prievidza;78;26;104
26.10.2020;Okres Revúca;18;1;19
26.10.2020;Okres Rimavská Sobota;50;0;50
26.10.2020;Okres Rož?ava;6;2;8
26.10.2020;Okres Ružomberok;0;0;0
26.10.2020;Okres Skalica;0;0;0
26.10.2020;Okres Snina;0;0;0
26.10.2020;Okres Spišská Nová Ves;126;2;128
26.10.2020;Okres Stará ?ubov?a;10;3;13
26.10.2020;Okres Svidník;0;0;0
26.10.2020;Okres Topo??any;5;1;6
26.10.2020;Okres Trebišov;3;4;7
26.10.2020;Okres Tren?ín;17;2;19
26.10.2020;Okres Trnava;3;0;3
26.10.2020;Okres Ve?ký Krtíš;6;;6
26.10.2020;Okres Zlaté Moravce;7;;7
26.10.2020;Okres Zvolen;13;0;13
26.10.2020;Okres Žiar nad Hronom;0;0;0
26.10.2020;Okres Žilina;19;3;22
27.10.2020;Okres Banská Bystrica;57;2;59
27.10.2020;Okres Bardejov;30;6;36
27.10.2020;Okres Bratislava I;63;1;64
27.10.2020;Okres Bratislava II;20;2;22
27.10.2020;Okres Bratislava III;14;1;15
27.10.2020;Okres Bratislava V;12;0;12
27.10.2020;Okres Brezno;109;23;132
27.10.2020;Okres ?adca;0;0;0
27.10.2020;Okres Dolný Kubín;20;2;22
27.10.2020;Okres Dunajská Streda;399;33;432
27.10.2020;Okres Galanta;4;0;4
27.10.2020;Okres Humenné;0;0;0
27.10.2020;Okres Kežmarok;8;0;8
27.10.2020;Okres Komárno;103;17;120
27.10.2020;Okres Košice I;0;0;0
27.10.2020;Okres Košice II;108;4;112
27.10.2020;Okres Košice IV;0;0;0
27.10.2020;Okres Levice;221;17;238
27.10.2020;Okres Levo?a;13;1;14
27.10.2020;Okres Liptovský Mikuláš;24;8;32
27.10.2020;Okres Lu?enec;21;2;23
27.10.2020;Okres Malacky;0;0;0
27.10.2020;Okres Martin;18;5;23
27.10.2020;Okres Michalovce;73;7;80
27.10.2020;Okres Myjava;10;7;17
27.10.2020;Okres Nitra;218;13;231
27.10.2020;Okres Nové Mesto nad Váhom;2;0;2
27.10.2020;Okres Partizánske;18;3;21
27.10.2020;Okres Pezinok;35;0;35
27.10.2020;Okres Pieš?any;1135;15;1150
27.10.2020;Okres Poprad;159;15;174
27.10.2020;Okres Prešov;31;2;33
27.10.2020;Okres Prievidza;28;12;40
27.10.2020;Okres Revúca;424;9;433
27.10.2020;Okres Rimavská Sobota;9;3;12
27.10.2020;Okres Rož?ava;85;4;89
27.10.2020;Okres Ružomberok;2;0;2
27.10.2020;Okres Senec;1;;1
27.10.2020;Okres Skalica;22;2;24
27.10.2020;Okres Snina;0;0;0
27.10.2020;Okres Spišská Nová Ves;170;6;176
27.10.2020;Okres Stará ?ubov?a;27;10;37
27.10.2020;Okres Svidník;0;0;0
27.10.2020;Okres Topo??any;1;0;1
27.10.2020;Okres Trebišov;3;0;3
27.10.2020;Okres Tren?ín;69;5;74
27.10.2020;Okres Ve?ký Krtíš;3;;3
27.10.2020;Okres Zlaté Moravce;7;;7
27.10.2020;Okres Zvolen;31;1;32
27.10.2020;Okres Žiar nad Hronom;0;0;0
27.10.2020;Okres Žilina;90;9;99
28.10.2020;Okres Banská Bystrica;36;4;40
28.10.2020;Okres Bardejov;10;2;12
28.10.2020;Okres Bratislava I;157;8;165
28.10.2020;Okres Bratislava II;31;2;33
28.10.2020;Okres Bratislava III;11;1;12
28.10.2020;Okres Bratislava V;8;0;8
28.10.2020;Okres Brezno;109;23;132
28.10.2020;Okres ?adca;0;0;0
28.10.2020;Okres Dolný Kubín;9;3;12
28.10.2020;Okres Dunajská Streda;27;8;35
28.10.2020;Okres Galanta;4;0;4
28.10.2020;Okres Humenné;0;0;0
28.10.2020;Okres Kežmarok;5;0;5
28.10.2020;Okres Komárno;43;10;53
28.10.2020;Okres Košice I;6;0;6
28.10.2020;Okres Košice II;61;0;61
28.10.2020;Okres Košice IV;3;0;3
28.10.2020;Okres Levice;47;2;49
28.10.2020;Okres Levo?a;59;4;63
28.10.2020;Okres Liptovský Mikuláš;22;0;22
28.10.2020;Okres Lu?enec;21;2;23
28.10.2020;Okres Malacky;0;0;0
28.10.2020;Okres Martin;23;4;27
28.10.2020;Okres Michalovce;17;3;20
28.10.2020;Okres Myjava;14;8;22
28.10.2020;Okres Nitra;504;45;549
28.10.2020;Okres Nové Mesto nad Váhom;0;0;0
28.10.2020;Okres Partizánske;38;5;43
28.10.2020;Okres Pezinok;53;4;57
28.10.2020;Okres Pieš?any;1171;21;1192
28.10.2020;Okres Poprad;154;17;171
28.10.2020;Okres Prešov;47;6;53
28.10.2020;Okres Prievidza;52;18;70
28.10.2020;Okres Revúca;71;0;71
28.10.2020;Okres Rimavská Sobota;42;1;43
28.10.2020;Okres Rož?ava;19;0;19
28.10.2020;Okres Ružomberok;5;2;7
28.10.2020;Okres Skalica;38;5;43
28.10.2020;Okres Snina;0;0;0
28.10.2020;Okres Spišská Nová Ves;194;9;203
28.10.2020;Okres Stará ?ubov?a;16;17;33
28.10.2020;Okres Svidník;0;0;0
28.10.2020;Okres Topo??any;7;2;9
28.10.2020;Okres Trebišov;5;1;6
28.10.2020;Okres Tren?ín;88;2;90
28.10.2020;Okres Ve?ký Krtíš;4;;4
28.10.2020;Okres Zlaté Moravce;7;;7
28.10.2020;Okres Zvolen;19;0;19
28.10.2020;Okres Žiar nad Hronom;0;0;0
28.10.2020;Okres Žilina;46;2;48
29.10.2020;Okres Banská Bystrica;28;4;32
29.10.2020;Okres Bardejov;20;1;21
29.10.2020;Okres Bratislava I;10;1;11
29.10.2020;Okres Bratislava II;18;1;19
29.10.2020;Okres Bratislava III;8;0;8
29.10.2020;Okres Bratislava V;6;0;6
29.10.2020;Okres Brezno;111;24;135
29.10.2020;Okres ?adca;0;0;0
29.10.2020;Okres Dolný Kubín;26;4;30
29.10.2020;Okres Dunajská Streda;379;13;392
29.10.2020;Okres Galanta;1005;3;1008
29.10.2020;Okres Humenné;10;1;11
29.10.2020;Okres Kežmarok;14;0;14
29.10.2020;Okres Komárno;49;5;54
29.10.2020;Okres Košice - okolie;42;0;42
29.10.2020;Okres Košice I;479;2;481
29.10.2020;Okres Košice II;196;2;198
29.10.2020;Okres Košice IV;0;0;0
29.10.2020;Okres Levice;23;0;23
29.10.2020;Okres Levo?a;19;4;23
29.10.2020;Okres Liptovský Mikuláš;26;4;30
29.10.2020;Okres Lu?enec;15;;15
29.10.2020;Okres Malacky;46;2;48
29.10.2020;Okres Martin;2;0;2
29.10.2020;Okres Michalovce;11;2;13
29.10.2020;Okres Myjava;24;8;32
29.10.2020;Okres Nitra;766;34;800
29.10.2020;Okres Nové Mesto nad Váhom;1;0;1
29.10.2020;Okres Partizánske;14;0;14
29.10.2020;Okres Pezinok;28;0;28
29.10.2020;Okres Pieš?any;1132;15;1147
29.10.2020;Okres Poprad;161;15;176
29.10.2020;Okres Prešov;68;4;72
29.10.2020;Okres Prievidza;38;38;76
29.10.2020;Okres Púchov;652;19;671
29.10.2020;Okres Revúca;34;0;34
29.10.2020;Okres Rimavská Sobota;760;14;774
29.10.2020;Okres Rož?ava;28;0;28
29.10.2020;Okres Ružomberok;7;0;7
29.10.2020;Okres Skalica;28;0;28
29.10.2020;Okres Snina;0;0;0
29.10.2020;Okres Spišská Nová Ves;220;7;227
29.10.2020;Okres Stará ?ubov?a;9;13;22
29.10.2020;Okres Svidník;0;0;0
29.10.2020;Okres Topo??any;2;0;2
29.10.2020;Okres Trebišov;7;0;7
29.10.2020;Okres Tren?ín;35;3;38
29.10.2020;Okres Trnava;24;;24
29.10.2020;Okres Tur?ianske Teplice;391;2;393
29.10.2020;Okres Ve?ký Krtíš;5;;5
29.10.2020;Okres Zlaté Moravce;1;;1
29.10.2020;Okres Zvolen;16;0;16
29.10.2020;Okres Žiar nad Hronom;0;0;0
29.10.2020;Okres Žilina;51;7;58
30.10.2020;Okres Bánovce nad Bebravou;637;16;653
30.10.2020;Okres Banská Bystrica;115;2;117
30.10.2020;Okres Bardejov;565;9;574
30.10.2020;Okres Bratislava I;6499;36;6535
30.10.2020;Okres Bratislava II;7158;89;7247
30.10.2020;Okres Bratislava III;1590;4;1594
30.10.2020;Okres Bratislava IV;40;2;42
30.10.2020;Okres Bratislava V;1288;4;1292
30.10.2020;Okres Brezno;113;10;123
30.10.2020;Okres ?adca;65;8;73
30.10.2020;Okres Detva;146;1;147
30.10.2020;Okres Dolný Kubín;637;8;645
30.10.2020;Okres Dunajská Streda;438;9;447
30.10.2020;Okres Galanta;1089;7;1096
30.10.2020;Okres Hlohovec;26;0;26
30.10.2020;Okres Humenné;71;1;72
30.10.2020;Okres Ilava;906;12;918
30.10.2020;Okres Kežmarok;58;;58
30.10.2020;Okres Komárno;213;21;234
30.10.2020;Okres Košice - okolie;18;0;18
30.10.2020;Okres Košice I;82;4;86
30.10.2020;Okres Košice II;794;4;798
30.10.2020;Okres Košice IV;282;1;283
30.10.2020;Okres Krupina;278;1;279
30.10.2020;Okres Levice;101;3;104
30.10.2020;Okres Levo?a;624;6;630
30.10.2020;Okres Liptovský Mikuláš;8;0;8
30.10.2020;Okres Lu?enec;17;1;18
30.10.2020;Okres Martin;422;8;430
30.10.2020;Okres Michalovce;16;8;24
30.10.2020;Okres Myjava;465;1;466
30.10.2020;Okres Nitra;1693;14;1707
30.10.2020;Okres Nové Mesto nad Váhom;90;0;90
30.10.2020;Okres Nové Zámky;209;1;210
30.10.2020;Okres Partizánske;76;6;82
30.10.2020;Okres Pezinok;617;3;620
30.10.2020;Okres Pieš?any;1522;20;1542
30.10.2020;Okres Poprad;471;10;481
30.10.2020;Okres Považská Bystrica;688;24;712
30.10.2020;Okres Prešov;69;4;73
30.10.2020;Okres Prievidza;582;24;606
30.10.2020;Okres Púchov;45;;45
30.10.2020;Okres Revúca;1259;3;1262
30.10.2020;Okres Rimavská Sobota;28;;28
30.10.2020;Okres Rož?ava;1027;3;1030
30.10.2020;Okres Ružomberok;56;2;58
30.10.2020;Okres Senec;158;0;158
30.10.2020;Okres Senica;23;0;23
30.10.2020;Okres Skalica;323;1;324
30.10.2020;Okres Spišská Nová Ves;357;7;364
30.10.2020;Okres Stará ?ubov?a;905;30;935
30.10.2020;Okres Svidník;186;5;191
30.10.2020;Okres Ša?a;59;1;60
30.10.2020;Okres Topo??any;318;2;320
30.10.2020;Okres Trebišov;259;0;259
30.10.2020;Okres Tren?ín;1794;19;1813
30.10.2020;Okres Trnava;1865;8;1873
30.10.2020;Okres Tvrdošín;40;2;42
30.10.2020;Okres Ve?ký Krtíš;4;;4
30.10.2020;Okres Zlaté Moravce;0;0;0
30.10.2020;Okres Zvolen;549;2;551
30.10.2020;Okres Žiar nad Hronom;320;;320
30.10.2020;Okres Žilina;1347;33;1380
31.10.2020;Okres Bánovce nad Bebravou;61;3;64
31.10.2020;Okres Banská Bystrica;5122;42;5164
31.10.2020;Okres Bardejov;252;4;256
31.10.2020;Okres Bratislava I;8246;56;8302
31.10.2020;Okres Bratislava II;3801;21;3822
31.10.2020;Okres Bratislava III;4474;20;4494
31.10.2020;Okres Bratislava IV;463;0;463
31.10.2020;Okres Bratislava V;2010;4;2014
31.10.2020;Okres ?adca;1232;50;1282
31.10.2020;Okres Dolný Kubín;371;9;380
31.10.2020;Okres Dunajská Streda;378;14;392
31.10.2020;Okres Galanta;71;0;71
31.10.2020;Okres Gelnica;170;1;171
31.10.2020;Okres Hlohovec;55;0;55
31.10.2020;Okres Humenné;246;3;249
31.10.2020;Okres Ilava;27;;27
31.10.2020;Okres Kežmarok;1697;33;1730
31.10.2020;Okres Komárno;1922;50;1972
31.10.2020;Okres Košice - okolie;180;0;180
31.10.2020;Okres Košice I;613;15;628
31.10.2020;Okres Košice II;4137;22;4159
31.10.2020;Okres Košice IV;7120;43;7163
31.10.2020;Okres Krupina;383;10;393
31.10.2020;Okres Levice;1166;6;1172
31.10.2020;Okres Levo?a;1027;13;1040
31.10.2020;Okres Liptovský Mikuláš;253;4;257
31.10.2020;Okres Lu?enec;840;3;843
31.10.2020;Okres Malacky;2618;18;2636
31.10.2020;Okres Martin;1356;61;1417
31.10.2020;Okres Michalovce;412;4;416
31.10.2020;Okres Myjava;758;5;763
31.10.2020;Okres Nitra;5156;37;5193
31.10.2020;Okres Nové Mesto nad Váhom;467;4;471
31.10.2020;Okres Nové Zámky;1707;34;1741
31.10.2020;Okres Partizánske;85;8;93
31.10.2020;Okres Pezinok;792;4;796
31.10.2020;Okres Pieš?any;547;6;553
31.10.2020;Okres Poprad;2625;49;2674
31.10.2020;Okres Považská Bystrica;994;21;1015
31.10.2020;Okres Prešov;2253;29;2282
31.10.2020;Okres Prievidza;1407;31;1438
31.10.2020;Okres Púchov;61;0;61
31.10.2020;Okres Revúca;23;2;25
31.10.2020;Okres Rimavská Sobota;2082;25;2107
31.10.2020;Okres Rož?ava;55;;55
31.10.2020;Okres Ružomberok;3021;61;3082
31.10.2020;Okres Senec;3;0;3
31.10.2020;Okres Senica;184;6;190
31.10.2020;Okres Skalica;1303;4;1307
31.10.2020;Okres Snina;660;16;676
31.10.2020;Okres Sobrance;129;3;132
31.10.2020;Okres Spišská Nová Ves;364;9;373
31.10.2020;Okres Stará ?ubov?a;275;4;279
31.10.2020;Okres Stropkov;452;3;455
31.10.2020;Okres Svidník;1010;16;1026
31.10.2020;Okres Ša?a;64;;64
31.10.2020;Okres Topo??any;7;0;7
31.10.2020;Okres Trebišov;855;9;864
31.10.2020;Okres Tren?ín;859;10;869
31.10.2020;Okres Trnava;2119;8;2127
31.10.2020;Okres Tur?ianske Teplice;339;2;341
31.10.2020;Okres Tvrdošín;15;1;16
31.10.2020;Okres Ve?ký Krtíš;318;1;319
31.10.2020;Okres Zlaté Moravce;444;7;451
31.10.2020;Okres Zvolen;2483;25;2508
31.10.2020;Okres Žiar nad Hronom;2265;8;2273
31.10.2020;Okres Žilina;1376;15;1391
1.11.2020;Okres Banská Bystrica;689;7;696
1.11.2020;Okres Bratislava I;3706;13;3719
1.11.2020;Okres Bratislava II;2586;22;2608
1.11.2020;Okres Bratislava III;1929;4;1933
1.11.2020;Okres Bratislava IV;7;;7
1.11.2020;Okres Bratislava V;466;0;466
1.11.2020;Okres Brezno;913;30;943
1.11.2020;Okres ?adca;4;1;5
1.11.2020;Okres Dolný Kubín;77;1;78
1.11.2020;Okres Gelnica;24;0;24
1.11.2020;Okres Kežmarok;185;6;191
1.11.2020;Okres Komárno;0;0;0
1.11.2020;Okres Košice I;502;6;508
1.11.2020;Okres Košice II;3707;14;3721
1.11.2020;Okres Košice IV;1813;9;1822
1.11.2020;Okres Krupina;89;1;90
1.11.2020;Okres Levice;260;0;260
1.11.2020;Okres Levo?a;4;1;5
1.11.2020;Okres Liptovský Mikuláš;181;7;188
1.11.2020;Okres Lu?enec;160;2;162
1.11.2020;Okres Martin;3872;111;3983
1.11.2020;Okres Michalovce;433;4;437
1.11.2020;Okres Myjava;4;1;5
1.11.2020;Okres Nitra;1596;13;1609
1.11.2020;Okres Nové Mesto nad Váhom;244;0;244
1.11.2020;Okres Nové Zámky;643;13;656
1.11.2020;Okres Partizánske;18;3;21
1.11.2020;Okres Pieš?any;202;0;202
1.11.2020;Okres Poprad;2163;28;2191
1.11.2020;Okres Považská Bystrica;146;12;158
1.11.2020;Okres Prešov;229;5;234
1.11.2020;Okres Prievidza;286;6;292
1.11.2020;Okres Púchov;0;0;0
1.11.2020;Okres Revúca;20;1;21
1.11.2020;Okres Rimavská Sobota;328;0;328
1.11.2020;Okres Ružomberok;475;5;480
1.11.2020;Okres Senica;81;23;104
1.11.2020;Okres Skalica;190;4;194
1.11.2020;Okres Snina;298;6;304
1.11.2020;Okres Sobrance;0;0;0
1.11.2020;Okres Spišská Nová Ves;39;1;40
1.11.2020;Okres Stará ?ubov?a;4;7;11
1.11.2020;Okres Stropkov;23;;23
1.11.2020;Okres Trebišov;4;0;4
1.11.2020;Okres Tren?ín;110;2;112
1.11.2020;Okres Tvrdošín;204;2;206
1.11.2020;Okres Ve?ký Krtíš;188;;188
1.11.2020;Okres Zlaté Moravce;47;1;48
1.11.2020;Okres Zvolen;284;1;285
1.11.2020;Okres Žilina;283;3;286
2.11.2020;Okres Bánovce nad Bebravou;3;0;3
2.11.2020;Okres Banská Bystrica;352;11;363
2.11.2020;Okres Bardejov;8;0;8
2.11.2020;Okres Bratislava I;65;0;65
2.11.2020;Okres Bratislava II;703;8;711
2.11.2020;Okres Bratislava III;1976;11;1987
2.11.2020;Okres Bratislava V;607;3;610
2.11.2020;Okres Brezno;1431;45;1476
2.11.2020;Okres ?adca;0;0;0
2.11.2020;Okres Detva;410;4;414
2.11.2020;Okres Dolný Kubín;13;2;15
2.11.2020;Okres Dunajská Streda;1373;22;1395
2.11.2020;Okres Galanta;241;2;243
2.11.2020;Okres Hlohovec;23;1;24
2.11.2020;Okres Humenné;1257;19;1276
2.11.2020;Okres Ilava;1;;1
2.11.2020;Okres Kežmarok;4;2;6
2.11.2020;Okres Komárno;18;4;22
2.11.2020;Okres Košice - okolie;4;;4
2.11.2020;Okres Košice I;766;3;769
2.11.2020;Okres Košice II;838;6;844
2.11.2020;Okres Košice IV;19;0;19
2.11.2020;Okres Levice;2621;24;2645
2.11.2020;Okres Liptovský Mikuláš;44;2;46
2.11.2020;Okres Lu?enec;2;;2
2.11.2020;Okres Malacky;3;;3
2.11.2020;Okres Martin;35;3;38
2.11.2020;Okres Michalovce;97;1;98
2.11.2020;Okres Myjava;3;0;3
2.11.2020;Okres Nitra;280;1;281
2.11.2020;Okres Partizánske;1134;50;1184
2.11.2020;Okres Pezinok;11;;11
2.11.2020;Okres Pieš?any;1605;18;1623
2.11.2020;Okres Poprad;97;913;1010
2.11.2020;Okres Považská Bystrica;2;0;2
2.11.2020;Okres Prešov;543;15;558
2.11.2020;Okres Prievidza;76;15;91
2.11.2020;Okres Revúca;6;0;6
2.11.2020;Okres Rimavská Sobota;3;1;4
2.11.2020;Okres Rož?ava;1757;5;1762
2.11.2020;Okres Ružomberok;231;9;240
2.11.2020;Okres Skalica;6;4;10
2.11.2020;Okres Snina;5;0;5
2.11.2020;Okres Sobrance;6;0;6
2.11.2020;Okres Spišská Nová Ves;2629;41;2670
2.11.2020;Okres Stará ?ubov?a;10;3;13
2.11.2020;Okres Topo??any;1289;17;1306
2.11.2020;Okres Trebišov;9;0;9
2.11.2020;Okres Tren?ín;614;3;617
2.11.2020;Okres Trnava;54;2;56
2.11.2020;Okres Tvrdošín;695;22;717
2.11.2020;Okres Ve?ký Krtíš;662;0;662
2.11.2020;Okres Vranov nad Top?ou;2234;52;2286
2.11.2020;Okres Zvolen;36;4;40
2.11.2020;Okres Žiar nad Hronom;7;;7
2.11.2020;Okres Žilina;25;1;26
3.11.2020;Okres Bánovce nad Bebravou;3;1;4
3.11.2020;Okres Banská Bystrica;22;0;22
3.11.2020;Okres Bardejov;37;4;41
3.11.2020;Okres Bratislava I;137;7;144
3.11.2020;Okres Bratislava II;874;3;877
3.11.2020;Okres Bratislava III;23;2;25
3.11.2020;Okres Bratislava V;7;;7
3.11.2020;Okres Brezno;0;0;0
3.11.2020;Okres Detva;0;0;0
3.11.2020;Okres Dolný Kubín;0;0;0
3.11.2020;Okres Dunajská Streda;13;3;16
3.11.2020;Okres Galanta;2;;2
3.11.2020;Okres Hlohovec;2;0;2
3.11.2020;Okres Humenné;4;2;6
3.11.2020;Okres Ilava;1;;1
3.11.2020;Okres Kežmarok;10;;10
3.11.2020;Okres Komárno;91;14;105
3.11.2020;Okres Košice - okolie;414;3;417
3.11.2020;Okres Košice I;6;;6
3.11.2020;Okres Košice II;179;1;180
3.11.2020;Okres Košice IV;15;0;15
3.11.2020;Okres Levice;125;4;129
3.11.2020;Okres Liptovský Mikuláš;5;3;8
3.11.2020;Okres Lu?enec;6;0;6
3.11.2020;Okres Martin;10;;10
3.11.2020;Okres Michalovce;11;3;14
3.11.2020;Okres Nitra;214;7;221
3.11.2020;Okres Partizánske;56;6;62
3.11.2020;Okres Pezinok;40;;40
3.11.2020;Okres Pieš?any;1628;20;1648
3.11.2020;Okres Poprad;28;2;30
3.11.2020;Okres Považská Bystrica;4;;4
3.11.2020;Okres Prešov;6;0;6
3.11.2020;Okres Prievidza;13;1;14
3.11.2020;Okres Revúca;11;0;11
3.11.2020;Okres Rimavská Sobota;13;0;13
3.11.2020;Okres Rož?ava;463;4;467
3.11.2020;Okres Ružomberok;836;11;847
3.11.2020;Okres Senica;32;;32
3.11.2020;Okres Skalica;5;0;5
3.11.2020;Okres Sobrance;1;0;1
3.11.2020;Okres Spišská Nová Ves;22;1;23
3.11.2020;Okres Stará ?ubov?a;13;4;17
3.11.2020;Okres Topo??any;5;0;5
3.11.2020;Okres Trebišov;11;1;12
3.11.2020;Okres Tren?ín;20;;20
3.11.2020;Okres Trnava;57;4;61
3.11.2020;Okres Tvrdošín;2;;2
3.11.2020;Okres Ve?ký Krtíš;569;0;569
3.11.2020;Okres Zvolen;711;4;715
3.11.2020;Okres Žilina;36;2;38
4.11.2020;Okres Bánovce nad Bebravou;5;2;7
4.11.2020;Okres Banská Bystrica;76;1;77
4.11.2020;Okres Bardejov;14;1;15
4.11.2020;Okres Bratislava I;84;4;88
4.11.2020;Okres Bratislava II;208;0;208
4.11.2020;Okres Bratislava III;38;6;44
4.11.2020;Okres Bratislava V;45;;45
4.11.2020;Okres Brezno;0;0;0
4.11.2020;Okres ?adca;0;3;3
4.11.2020;Okres Detva;13;3;16
4.11.2020;Okres Dolný Kubín;45;3;48
4.11.2020;Okres Dunajská Streda;96;4;100
4.11.2020;Okres Galanta;3;0;3
4.11.2020;Okres Hlohovec;1;1;2
4.11.2020;Okres Kežmarok;672;5;677
4.11.2020;Okres Komárno;16;3;19
4.11.2020;Okres Košice - okolie;1;;1
4.11.2020;Okres Košice II;84;0;84
4.11.2020;Okres Košice IV;8;2;10
4.11.2020;Okres Krupina;4;;4
4.11.2020;Okres Levice;60;6;66
4.11.2020;Okres Levo?a;10;;10
4.11.2020;Okres Liptovský Mikuláš;2;;2
4.11.2020;Okres Lu?enec;6;2;8
4.11.2020;Okres Malacky;4;;4
4.11.2020;Okres Martin;25;1;26
4.11.2020;Okres Michalovce;10;0;10
4.11.2020;Okres Myjava;10;;10
4.11.2020;Okres Nitra;120;7;127
4.11.2020;Okres Nové Mesto nad Váhom;3;;3
4.11.2020;Okres Nové Zámky;99;0;99
4.11.2020;Okres Partizánske;24;3;27
4.11.2020;Okres Pezinok;32;;32
4.11.2020;Okres Pieš?any;1639;19;1658
4.11.2020;Okres Poprad;41;1;42
4.11.2020;Okres Prešov;44;0;44
4.11.2020;Okres Prievidza;24;3;27
4.11.2020;Okres Revúca;488;2;490
4.11.2020;Okres Rimavská Sobota;11;;11
4.11.2020;Okres Rož?ava;17;0;17
4.11.2020;Okres Ružomberok;4;;4
4.11.2020;Okres Senica;24;;24
4.11.2020;Okres Skalica;4;4;8
4.11.2020;Okres Snina;0;0;0
4.11.2020;Okres Sobrance;4;0;4
4.11.2020;Okres Spišská Nová Ves;12;4;16
4.11.2020;Okres Stará ?ubov?a;25;1;26
4.11.2020;Okres Svidník;1;;1
4.11.2020;Okres Topo??any;2;0;2
4.11.2020;Okres Trebišov;18;0;18
4.11.2020;Okres Tren?ín;25;1;26
4.11.2020;Okres Trnava;70;1;71
4.11.2020;Okres Ve?ký Krtíš;5;;5
4.11.2020;Okres Zvolen;741;2;743
4.11.2020;Okres Žiar nad Hronom;22;3;25
4.11.2020;Okres Žilina;92;3;95
5.11.2020;Okres Bánovce nad Bebravou;7;3;10
5.11.2020;Okres Banská Bystrica;43;4;47
5.11.2020;Okres Bardejov;30;1;31
5.11.2020;Okres Bratislava I;314;7;321
5.11.2020;Okres Bratislava II;42;0;42
5.11.2020;Okres Bratislava III;51;3;54
5.11.2020;Okres Bratislava V;47;;47
5.11.2020;Okres Brezno;97;21;118
5.11.2020;Okres ?adca;8;0;8
5.11.2020;Okres Detva;0;0;0
5.11.2020;Okres Dolný Kubín;8;0;8
5.11.2020;Okres Dunajská Streda;108;20;128
5.11.2020;Okres Galanta;4;;4
5.11.2020;Okres Kežmarok;1;;1
5.11.2020;Okres Komárno;10;2;12
5.11.2020;Okres Košice I;10;0;10
5.11.2020;Okres Košice II;161;0;161
5.11.2020;Okres Košice IV;3;0;3
5.11.2020;Okres Krupina;7;;7
5.11.2020;Okres Levice;36;2;38
5.11.2020;Okres Levo?a;27;;27
5.11.2020;Okres Liptovský Mikuláš;7;;7
5.11.2020;Okres Lu?enec;15;1;16
5.11.2020;Okres Martin;8;3;11
5.11.2020;Okres Michalovce;11;3;14
5.11.2020;Okres Myjava;6;0;6
5.11.2020;Okres Námestovo;0;0;0
5.11.2020;Okres Nitra;166;8;174
5.11.2020;Okres Nové Zámky;71;;71
5.11.2020;Okres Partizánske;28;5;33
5.11.2020;Okres Pezinok;22;1;23
5.11.2020;Okres Pieš?any;1651;23;1674
5.11.2020;Okres Poprad;43;1;44
5.11.2020;Okres Prešov;51;2;53
5.11.2020;Okres Prievidza;28;7;35
5.11.2020;Okres Revúca;27;0;27
5.11.2020;Okres Rimavská Sobota;28;0;28
5.11.2020;Okres Rož?ava;79;23;102
5.11.2020;Okres Ružomberok;8;1;9
5.11.2020;Okres Senica;24;0;24
5.11.2020;Okres Skalica;22;1;23
5.11.2020;Okres Snina;1;;1
5.11.2020;Okres Sobrance;1;0;1
5.11.2020;Okres Spišská Nová Ves;33;1;34
5.11.2020;Okres Stará ?ubov?a;20;1;21
5.11.2020;Okres Svidník;7;;7
5.11.2020;Okres Topo??any;12;0;12
5.11.2020;Okres Trebišov;32;4;36
5.11.2020;Okres Tren?ín;29;;29
5.11.2020;Okres Trnava;50;5;55
5.11.2020;Okres Ve?ký Krtíš;3;1;4
5.11.2020;Okres Zlaté Moravce;17;2;19
5.11.2020;Okres Zvolen;58;4;62
5.11.2020;Okres Žiar nad Hronom;12;2;14
5.11.2020;Okres Žilina;25;;25
6.11.2020;Okres Bánovce nad Bebravou;647;11;658
6.11.2020;Okres Banská Bystrica;662;7;669
6.11.2020;Okres Bardejov;639;16;655
6.11.2020;Okres Bratislava I;2453;9;2462
6.11.2020;Okres Bratislava II;1665;9;1674
6.11.2020;Okres Bratislava III;1071;4;1075
6.11.2020;Okres Bratislava IV;0;0;0
6.11.2020;Okres Bratislava V;366;0;366
6.11.2020;Okres Brezno;0;0;0
6.11.2020;Okres ?adca;37;0;37
6.11.2020;Okres Detva;126;2;128
6.11.2020;Okres Dolný Kubín;823;4;827
6.11.2020;Okres Dunajská Streda;98;4;102
6.11.2020;Okres Galanta;10;;10
6.11.2020;Okres Gelnica;147;1;148
6.11.2020;Okres Humenné;130;3;133
6.11.2020;Okres Ilava;685;9;694
6.11.2020;Okres Kežmarok;149;1;150
6.11.2020;Okres Komárno;38;2;40
6.11.2020;Okres Košice - okolie;48;2;50
6.11.2020;Okres Košice I;559;5;564
6.11.2020;Okres Košice II;2733;2;2735
6.11.2020;Okres Košice IV;174;0;174
6.11.2020;Okres Krupina;355;1;356
6.11.2020;Okres Levice;50;8;58
6.11.2020;Okres Levo?a;751;12;763
6.11.2020;Okres Liptovský Mikuláš;87;1;88
6.11.2020;Okres Lu?enec;19;;19
6.11.2020;Okres Malacky;5;0;5
6.11.2020;Okres Martin;220;6;226
6.11.2020;Okres Michalovce;11;1;12
6.11.2020;Okres Myjava;614;1;615
6.11.2020;Okres Nitra;1943;19;1962
6.11.2020;Okres Nové Mesto nad Váhom;40;1;41
6.11.2020;Okres Nové Zámky;60;1;61
6.11.2020;Okres Partizánske;88;7;95
6.11.2020;Okres Pezinok;768;0;768
6.11.2020;Okres Pieš?any;3677;53;3730
6.11.2020;Okres Poprad;1147;15;1162
6.11.2020;Okres Považská Bystrica;597;17;614
6.11.2020;Okres Prešov;158;1;159
6.11.2020;Okres Prievidza;1392;16;1408
6.11.2020;Okres Púchov;575;9;584
6.11.2020;Okres Revúca;36;0;36
6.11.2020;Okres Rimavská Sobota;16;1;17
6.11.2020;Okres Rož?ava;962;5;967
6.11.2020;Okres Ružomberok;307;12;319
6.11.2020;Okres Senec;113;3;116
6.11.2020;Okres Senica;38;0;38
6.11.2020;Okres Skalica;39;2;41
6.11.2020;Okres Snina;462;2;464
6.11.2020;Okres Sobrance;3;0;3
6.11.2020;Okres Spišská Nová Ves;281;3;284
6.11.2020;Okres Stará ?ubov?a;1056;23;1079
6.11.2020;Okres Svidník;299;3;302
6.11.2020;Okres Topo??any;89;1;90
6.11.2020;Okres Trebišov;392;15;407
6.11.2020;Okres Tren?ín;2255;13;2268
6.11.2020;Okres Trnava;1329;12;1341
6.11.2020;Okres Tur?ianske Teplice;599;1;600
6.11.2020;Okres Tvrdošín;4;;4
6.11.2020;Okres Ve?ký Krtíš;293;;293
6.11.2020;Okres Zlaté Moravce;84;1;85
6.11.2020;Okres Zvolen;525;4;529
6.11.2020;Okres Žiar nad Hronom;464;1;465
6.11.2020;Okres Žilina;2013;14;2027
7.11.2020;Okres Bánovce nad Bebravou;10;1;11
7.11.2020;Okres Banská Bystrica;4937;41;4978
7.11.2020;Okres Bardejov;162;2;164
7.11.2020;Okres Bratislava I;1042;4;1046
7.11.2020;Okres Bratislava II;1237;8;1245
7.11.2020;Okres Bratislava III;1417;4;1421
7.11.2020;Okres Bratislava IV;92;1;93
7.11.2020;Okres Bratislava V;219;0;219
7.11.2020;Okres Brezno;596;7;603
7.11.2020;Okres ?adca;1130;26;1156
7.11.2020;Okres Dolný Kubín;356;2;358
7.11.2020;Okres Dunajská Streda;2303;46;2349
7.11.2020;Okres Galanta;709;2;711
7.11.2020;Okres Humenné;250;2;252
7.11.2020;Okres Ilava;32;;32
7.11.2020;Okres Kežmarok;459;5;464
7.11.2020;Okres Komárno;10;1;11
7.11.2020;Okres Košice - okolie;17;;17
7.11.2020;Okres Košice I;135;0;135
7.11.2020;Okres Košice II;78;0;78
7.11.2020;Okres Košice III;0;0;0
7.11.2020;Okres Košice IV;1285;6;1291
7.11.2020;Okres Krupina;373;32;405
7.11.2020;Okres Levice;471;;471
7.11.2020;Okres Levo?a;892;11;903
7.11.2020;Okres Liptovský Mikuláš;354;11;365
7.11.2020;Okres Lu?enec;252;1;253
7.11.2020;Okres Martin;23;0;23
7.11.2020;Okres Michalovce;574;2;576
7.11.2020;Okres Myjava;535;4;539
7.11.2020;Okres Nitra;397;1;398
7.11.2020;Okres Nové Mesto nad Váhom;613;1;614
7.11.2020;Okres Nové Zámky;49;0;49
7.11.2020;Okres Partizánske;74;3;77
7.11.2020;Okres Pezinok;32;;32
7.11.2020;Okres Pieš?any;857;3;860
7.11.2020;Okres Poprad;2922;26;2948
7.11.2020;Okres Považská Bystrica;943;15;958
7.11.2020;Okres Prešov;2240;22;2262
7.11.2020;Okres Prievidza;785;13;798
7.11.2020;Okres Púchov;52;8;60
7.11.2020;Okres Revúca;73;0;73
7.11.2020;Okres Rimavská Sobota;600;5;605
7.11.2020;Okres Rož?ava;3;0;3
7.11.2020;Okres Ružomberok;4635;30;4665
7.11.2020;Okres Senica;288;2;290
7.11.2020;Okres Skalica;1721;11;1732
7.11.2020;Okres Snina;444;2;446
7.11.2020;Okres Sobrance;159;1;160
7.11.2020;Okres Spišská Nová Ves;1641;13;1654
7.11.2020;Okres Stará ?ubov?a;41;0;41
7.11.2020;Okres Stropkov;301;0;301
7.11.2020;Okres Svidník;867;11;878
7.11.2020;Okres Topo??any;34;1;35
7.11.2020;Okres Trebišov;17;0;17
7.11.2020;Okres Tren?ín;618;14;632
7.11.2020;Okres Trnava;229;6;235
7.11.2020;Okres Tvrdošín;73;2;75
7.11.2020;Okres Zlaté Moravce;85;1;86
7.11.2020;Okres Zvolen;1363;8;1371
7.11.2020;Okres Žiar nad Hronom;634;;634
7.11.2020;Okres Žilina;1604;17;1621
8.11.2020;Okres Bánovce nad Bebravou;3;0;3
8.11.2020;Okres Banská Bystrica;4;1;5
8.11.2020;Okres Bratislava I;110;1;111
8.11.2020;Okres Bratislava II;187;5;192
8.11.2020;Okres Bratislava III;240;0;240
8.11.2020;Okres Bratislava IV;2;;2
8.11.2020;Okres Bratislava V;134;0;134
8.11.2020;Okres Brezno;170;11;181
8.11.2020;Okres Dolný Kubín;82;2;84
8.11.2020;Okres Galanta;22;0;22
8.11.2020;Okres Humenné;2;;2
8.11.2020;Okres Ilava;0;0;0
8.11.2020;Okres Kežmarok;1400;14;1414
8.11.2020;Okres Komárno;12;2;14
8.11.2020;Okres Košice - okolie;4;;4
8.11.2020;Okres Košice I;0;0;0
8.11.2020;Okres Košice II;782;3;785
8.11.2020;Okres Košice IV;95;0;95
8.11.2020;Okres Levice;1178;24;1202
8.11.2020;Okres Lu?enec;470;1;471
8.11.2020;Okres Malacky;191;;191
8.11.2020;Okres Martin;2148;34;2182
8.11.2020;Okres Michalovce;192;4;196
8.11.2020;Okres Myjava;48;0;48
8.11.2020;Okres Námestovo;13;;13
8.11.2020;Okres Nitra;267;6;273
8.11.2020;Okres Nové Mesto nad Váhom;251;1;252
8.11.2020;Okres Partizánske;11;2;13
8.11.2020;Okres Pezinok;5;;5
8.11.2020;Okres Pieš?any;12;6;18
8.11.2020;Okres Poprad;139;3;142
8.11.2020;Okres Považská Bystrica;217;4;221
8.11.2020;Okres Prešov;1229;11;1240
8.11.2020;Okres Prievidza;354;1;355
8.11.2020;Okres Revúca;159;0;159
8.11.2020;Okres Rimavská Sobota;39;0;39
8.11.2020;Okres Rož?ava;8;0;8
8.11.2020;Okres Ružomberok;3;;3
8.11.2020;Okres Senica;94;0;94
8.11.2020;Okres Skalica;214;0;214
8.11.2020;Okres Snina;38;4;42
8.11.2020;Okres Spišská Nová Ves;224;1;225
8.11.2020;Okres Stará ?ubov?a;9;;9
8.11.2020;Okres Ša?a;0;0;0
8.11.2020;Okres Topo??any;5;0;5
8.11.2020;Okres Trebišov;1;;1
8.11.2020;Okres Tren?ín;387;0;387
8.11.2020;Okres Trnava;33;3;36
8.11.2020;Okres Tvrdošín;260;;260
8.11.2020;Okres Zvolen;139;3;142
8.11.2020;Okres Žilina;32;1;33
9.11.2020;Okres Bánovce nad Bebravou;4;1;5
9.11.2020;Okres Banská Bystrica;60;5;65
9.11.2020;Okres Bardejov;10;1;11
9.11.2020;Okres Bratislava I;143;7;150
9.11.2020;Okres Bratislava II;128;0;128
9.11.2020;Okres Bratislava III;118;1;119
9.11.2020;Okres Bratislava IV;0;0;0
9.11.2020;Okres Bratislava V;48;;48
9.11.2020;Okres Brezno;868;16;884
9.11.2020;Okres ?adca;23;9;32
9.11.2020;Okres Detva;11;0;11
9.11.2020;Okres Dolný Kubín;14;0;14
9.11.2020;Okres Dunajská Streda;45;9;54
9.11.2020;Okres Galanta;7;8;15
9.11.2020;Okres Hlohovec;2;0;2
9.11.2020;Okres Humenné;833;3;836
9.11.2020;Okres Ilava;5;;5
9.11.2020;Okres Kežmarok;4;0;4
9.11.2020;Okres Komárno;132;10;142
9.11.2020;Okres Košice I;0;0;0
9.11.2020;Okres Košice II;123;0;123
9.11.2020;Okres Košice III;0;0;0
9.11.2020;Okres Košice IV;3;1;4
9.11.2020;Okres Krupina;5;;5
9.11.2020;Okres Levice;919;17;936
9.11.2020;Okres Liptovský Mikuláš;72;0;72
9.11.2020;Okres Lu?enec;109;;109
9.11.2020;Okres Malacky;157;;157
9.11.2020;Okres Martin;33;1;34
9.11.2020;Okres Michalovce;81;3;84
9.11.2020;Okres Námestovo;3;;3
9.11.2020;Okres Nitra;7;;7
9.11.2020;Okres Nové Mesto nad Váhom;;1;1
9.11.2020;Okres Nové Zámky;532;5;537
9.11.2020;Okres Partizánske;1150;38;1188
9.11.2020;Okres Pezinok;15;;15
9.11.2020;Okres Pieš?any;2108;33;2141
9.11.2020;Okres Poprad;885;906;1791
9.11.2020;Okres Prešov;611;3;614
9.11.2020;Okres Prievidza;57;8;65
9.11.2020;Okres Púchov;5;0;5
9.11.2020;Okres Revúca;6;0;6
9.11.2020;Okres Rimavská Sobota;29;0;29
9.11.2020;Okres Rož?ava;0;12;12
9.11.2020;Okres Ružomberok;4;;4
9.11.2020;Okres Snina;7;3;10
9.11.2020;Okres Sobrance;1;0;1
9.11.2020;Okres Spišská Nová Ves;159;0;159
9.11.2020;Okres Stará ?ubov?a;6;0;6
9.11.2020;Okres Svidník;4;;4
9.11.2020;Okres Topo??any;1546;11;1557
9.11.2020;Okres Trebišov;13;1;14
9.11.2020;Okres Tren?ín;186;;186
9.11.2020;Okres Trnava;294;6;300
9.11.2020;Okres Tvrdošín;620;9;629
9.11.2020;Okres Ve?ký Krtíš;11;1;12
9.11.2020;Okres Vranov nad Top?ou;1752;29;1781
9.11.2020;Okres Zvolen;1177;7;1184
9.11.2020;Okres Žarnovica;371;2;373
9.11.2020;Okres Žiar nad Hronom;31;;31
9.11.2020;Okres Žilina;1566;11;1577
10.11.2020;Okres Bánovce nad Bebravou;4;0;4
10.11.2020;Okres Banská Bystrica;49;0;49
10.11.2020;Okres Bardejov;17;0;17
10.11.2020;Okres Bratislava I;94;5;99
10.11.2020;Okres Bratislava II;180;6;186
10.11.2020;Okres Bratislava III;440;3;443
10.11.2020;Okres Bratislava IV;28;;28
10.11.2020;Okres Bratislava V;37;0;37
10.11.2020;Okres Brezno;54;17;71
10.11.2020;Okres ?adca;9;1;10
10.11.2020;Okres Dolný Kubín;6;2;8
10.11.2020;Okres Dunajská Streda;31;11;42
10.11.2020;Okres Galanta;9;0;9
10.11.2020;Okres Humenné;3;;3
10.11.2020;Okres Ilava;1;0;1
10.11.2020;Okres Kežmarok;4;;4
10.11.2020;Okres Komárno;68;3;71
10.11.2020;Okres Košice I;278;1;279
10.11.2020;Okres Košice II;133;2;135
10.11.2020;Okres Košice IV;43;0;43
10.11.2020;Okres Krupina;7;;7
10.11.2020;Okres Kysucké Nové Mesto;0;0;0
10.11.2020;Okres Levo?a;13;3;16
10.11.2020;Okres Liptovský Mikuláš;1;;1
10.11.2020;Okres Lu?enec;15;0;15
10.11.2020;Okres Malacky;7;;7
10.11.2020;Okres Martin;481;6;487
10.11.2020;Okres Michalovce;20;3;23
10.11.2020;Okres Myjava;20;0;20
10.11.2020;Okres Nitra;1355;28;1383
10.11.2020;Okres Nové Zámky;570;2;572
10.11.2020;Okres Partizánske;28;4;32
10.11.2020;Okres Pezinok;19;;19
10.11.2020;Okres Pieš?any;2598;50;2648
10.11.2020;Okres Poltár;125;0;125
10.11.2020;Okres Poprad;34;2;36
10.11.2020;Okres Prešov;28;1;29
10.11.2020;Okres Prievidza;30;2;32
10.11.2020;Okres Púchov;1;0;1
10.11.2020;Okres Revúca;121;0;121
10.11.2020;Okres Rimavská Sobota;52;1;53
10.11.2020;Okres Rož?ava;18;0;18
10.11.2020;Okres Ružomberok;5;;5
10.11.2020;Okres Skalica;32;0;32
10.11.2020;Okres Snina;77;1;78
10.11.2020;Okres Sobrance;0;0;0
10.11.2020;Okres Spišská Nová Ves;18;4;22
10.11.2020;Okres Stará ?ubov?a;17;2;19
10.11.2020;Okres Svidník;4;;4
10.11.2020;Okres Topo??any;159;5;164
10.11.2020;Okres Trebišov;31;1;32
10.11.2020;Okres Tren?ín;22;;22
10.11.2020;Okres Trnava;347;5;352
10.11.2020;Okres Ve?ký Krtíš;4;;4
10.11.2020;Okres Vranov nad Top?ou;0;0;0
10.11.2020;Okres Zlaté Moravce;471;1;472
10.11.2020;Okres Zvolen;22;0;22
10.11.2020;Okres Žiar nad Hronom;14;;14
10.11.2020;Okres Žilina;17;0;17
11.11.2020;Okres Bánovce nad Bebravou;4;2;6
11.11.2020;Okres Banská Bystrica;42;0;42
11.11.2020;Okres Bardejov;27;2;29
11.11.2020;Okres Bratislava I;42;2;44
11.11.2020;Okres Bratislava II;654;4;658
11.11.2020;Okres Bratislava III;73;2;75
11.11.2020;Okres Bratislava V;629;4;633
11.11.2020;Okres Brezno;0;0;0
11.11.2020;Okres Dolný Kubín;14;1;15
11.11.2020;Okres Dunajská Streda;6;2;8
11.11.2020;Okres Galanta;4;;4
11.11.2020;Okres Hlohovec;0;0;0
11.11.2020;Okres Humenné;2;;2
11.11.2020;Okres Kežmarok;8;;8
11.11.2020;Okres Komárno;69;2;71
11.11.2020;Okres Košice I;343;1;344
11.11.2020;Okres Košice II;101;0;101
11.11.2020;Okres Košice IV;50;0;50
11.11.2020;Okres Krupina;6;;6
11.11.2020;Okres Kysucké Nové Mesto;4;0;4
11.11.2020;Okres Levice;212;4;216
11.11.2020;Okres Levo?a;13;7;20
11.11.2020;Okres Liptovský Mikuláš;0;0;0
11.11.2020;Okres Lu?enec;21;;21
11.11.2020;Okres Malacky;3;;3
11.11.2020;Okres Martin;10;0;10
11.11.2020;Okres Michalovce;21;2;23
11.11.2020;Okres Myjava;13;0;13
11.11.2020;Okres Nitra;502;12;514
11.11.2020;Okres Nové Zámky;457;3;460
11.11.2020;Okres Partizánske;21;3;24
11.11.2020;Okres Pezinok;25;;25
11.11.2020;Okres Pieš?any;2173;36;2209
11.11.2020;Okres Poprad;63;4;67
11.11.2020;Okres Prešov;30;0;30
11.11.2020;Okres Prievidza;23;1;24
11.11.2020;Okres Revúca;195;2;197
11.11.2020;Okres Rimavská Sobota;91;2;93
11.11.2020;Okres Rož?ava;12;0;12
11.11.2020;Okres Ružomberok;4;;4
11.11.2020;Okres Senec;3;;3
11.11.2020;Okres Skalica;7;1;8
11.11.2020;Okres Snina;7;1;8
11.11.2020;Okres Sobrance;2;0;2
11.11.2020;Okres Spišská Nová Ves;21;1;22
11.11.2020;Okres Stará ?ubov?a;11;1;12
11.11.2020;Okres Topo??any;7;1;8
11.11.2020;Okres Trebišov;43;3;46
11.11.2020;Okres Tren?ín;52;4;56
11.11.2020;Okres Trnava;352;12;364
11.11.2020;Okres Tur?ianske Teplice;41;;41
11.11.2020;Okres Ve?ký Krtíš;6;;6
11.11.2020;Okres Zvolen;59;3;62
11.11.2020;Okres Žiar nad Hronom;17;2;19
11.11.2020;Okres Žilina;74;9;83
12.11.2020;Okres Bánovce nad Bebravou;8;0;8
12.11.2020;Okres Banská Bystrica;112;0;112
12.11.2020;Okres Bardejov;14;3;17
12.11.2020;Okres Bratislava I;318;1;319
12.11.2020;Okres Bratislava II;375;3;378
12.11.2020;Okres Bratislava III;411;0;411
12.11.2020;Okres Bratislava V;589;2;591
12.11.2020;Okres Brezno;108;22;130
12.11.2020;Okres Dolný Kubín;13;1;14
12.11.2020;Okres Dunajská Streda;43;10;53
12.11.2020;Okres Galanta;6;;6
12.11.2020;Okres Hlohovec;260;3;263
12.11.2020;Okres Humenné;18;1;19
12.11.2020;Okres Kežmarok;30;30;60
12.11.2020;Okres Komárno;72;4;76
12.11.2020;Okres Košice I;292;2;294
12.11.2020;Okres Košice II;50;;50
12.11.2020;Okres Košice IV;3;0;3
12.11.2020;Okres Krupina;2;;2
12.11.2020;Okres Levice;163;0;163
12.11.2020;Okres Levo?a;43;2;45
12.11.2020;Okres Liptovský Mikuláš;6;1;7
12.11.2020;Okres Lu?enec;14;;14
12.11.2020;Okres Malacky;3;;3
12.11.2020;Okres Martin;18;;18
12.11.2020;Okres Michalovce;82;3;85
12.11.2020;Okres Myjava;13;0;13
12.11.2020;Okres Nitra;950;31;981
12.11.2020;Okres Partizánske;9;2;11
12.11.2020;Okres Pezinok;31;;31
12.11.2020;Okres Pieš?any;36;0;36
12.11.2020;Okres Poprad;63;8;71
12.11.2020;Okres Prešov;35;1;36
12.11.2020;Okres Prievidza;36;1;37
12.11.2020;Okres Revúca;152;2;154
12.11.2020;Okres Rimavská Sobota;98;2;100
12.11.2020;Okres Rož?ava;75;0;75
12.11.2020;Okres Ružomberok;3;;3
12.11.2020;Okres Skalica;11;0;11
12.11.2020;Okres Snina;4;2;6
12.11.2020;Okres Sobrance;0;0;0
12.11.2020;Okres Spišská Nová Ves;39;4;43
12.11.2020;Okres Stará ?ubov?a;14;3;17
12.11.2020;Okres Svidník;8;;8
12.11.2020;Okres Topo??any;7;0;7
12.11.2020;Okres Trebišov;195;4;199
12.11.2020;Okres Tren?ín;58;2;60
12.11.2020;Okres Trnava;69;5;74
12.11.2020;Okres Ve?ký Krtíš;324;1;325
12.11.2020;Okres Zlaté Moravce;3;;3
12.11.2020;Okres Zvolen;27;15;42
12.11.2020;Okres Žiar nad Hronom;115;2;117
12.11.2020;Okres Žilina;39;0;39
13.11.2020;Okres Bánovce nad Bebravou;12;2;14
13.11.2020;Okres Banská Bystrica;57;1;58
13.11.2020;Okres Bardejov;19;1;20
13.11.2020;Okres Bratislava I;60;1;61
13.11.2020;Okres Bratislava II;649;12;661
13.11.2020;Okres Bratislava III;695;6;701
13.11.2020;Okres Bratislava V;668;2;670
13.11.2020;Okres Brezno;0;0;0
13.11.2020;Okres ?adca;31;3;34
13.11.2020;Okres Dolný Kubín;16;1;17
13.11.2020;Okres Dunajská Streda;41;3;44
13.11.2020;Okres Galanta;68;6;74
13.11.2020;Okres Humenné;10;;10
13.11.2020;Okres Ilava;5;;5
13.11.2020;Okres Kežmarok;12;;12
13.11.2020;Okres Komárno;113;9;122
13.11.2020;Okres Košice I;278;0;278
13.11.2020;Okres Košice II;63;1;64
13.11.2020;Okres Košice IV;12;0;12
13.11.2020;Okres Krupina;9;4;13
13.11.2020;Okres Levice;211;9;220
13.11.2020;Okres Levo?a;18;3;21
13.11.2020;Okres Liptovský Mikuláš;5;1;6
13.11.2020;Okres Lu?enec;12;;12
13.11.2020;Okres Malacky;5;;5
13.11.2020;Okres Martin;15;;15
13.11.2020;Okres Michalovce;33;2;35
13.11.2020;Okres Myjava;15;4;19
13.11.2020;Okres Nitra;412;22;434
13.11.2020;Okres Nové Zámky;184;5;189
13.11.2020;Okres Partizánske;17;4;21
13.11.2020;Okres Pezinok;19;;19
13.11.2020;Okres Pieš?any;3284;43;3327
13.11.2020;Okres Poprad;55;2;57
13.11.2020;Okres Považská Bystrica;3;;3
13.11.2020;Okres Prešov;21;0;21
13.11.2020;Okres Prievidza;33;3;36
13.11.2020;Okres Revúca;152;1;153
13.11.2020;Okres Rimavská Sobota;96;0;96
13.11.2020;Okres Rož?ava;63;0;63
13.11.2020;Okres Ružomberok;5;;5
13.11.2020;Okres Skalica;13;1;14
13.11.2020;Okres Snina;14;1;15
13.11.2020;Okres Sobrance;1;0;1
13.11.2020;Okres Spišská Nová Ves;15;21;36
13.11.2020;Okres Stará ?ubov?a;17;1;18
13.11.2020;Okres Topo??any;15;0;15
13.11.2020;Okres Trebišov;199;5;204
13.11.2020;Okres Tren?ín;46;;46
13.11.2020;Okres Trnava;447;4;451
13.11.2020;Okres Ve?ký Krtíš;83;;83
13.11.2020;Okres Zlaté Moravce;1;1;2
13.11.2020;Okres Zvolen;48;5;53
13.11.2020;Okres Žiar nad Hronom;95;;95
13.11.2020;Okres Žilina;53;4;57
14.11.2020;Okres Bánovce nad Bebravou;6;3;9
14.11.2020;Okres Banská Bystrica;44;0;44
14.11.2020;Okres Bratislava I;39;0;39
14.11.2020;Okres Bratislava II;555;4;559
14.11.2020;Okres Bratislava III;479;6;485
14.11.2020;Okres Bratislava V;731;5;736
14.11.2020;Okres ?adca;7;4;11
14.11.2020;Okres Galanta;122;1;123
14.11.2020;Okres Humenné;2;;2
14.11.2020;Okres Komárno;78;6;84
14.11.2020;Okres Košice I;349;4;353
14.11.2020;Okres Košice IV;2;0;2
14.11.2020;Okres Krupina;3;;3
14.11.2020;Okres Levice;154;0;154
14.11.2020;Okres Lu?enec;16;;16
14.11.2020;Okres Michalovce;21;6;27
14.11.2020;Okres Nitra;153;7;160
14.11.2020;Okres Nové Mesto nad Váhom;11;1;12
14.11.2020;Okres Nové Zámky;735;18;753
14.11.2020;Okres Partizánske;21;4;25
14.11.2020;Okres Pezinok;30;;30
14.11.2020;Okres Poprad;39;0;39
14.11.2020;Okres Považská Bystrica;4;;4
14.11.2020;Okres Prievidza;0;0;0
14.11.2020;Okres Revúca;203;0;203
14.11.2020;Okres Rož?ava;85;0;85
14.11.2020;Okres Ružomberok;1;;1
14.11.2020;Okres Skalica;8;2;10
14.11.2020;Okres Snina;4;2;6
14.11.2020;Okres Sobrance;1;0;1
14.11.2020;Okres Spišská Nová Ves;39;1;40
14.11.2020;Okres Stará ?ubov?a;9;2;11
14.11.2020;Okres Topo??any;11;1;12
14.11.2020;Okres Trebišov;23;1;24
14.11.2020;Okres Tren?ín;32;3;35
14.11.2020;Okres Trnava;225;6;231
14.11.2020;Okres Zvolen;39;2;41
14.11.2020;Okres Žilina;1030;7;1037
15.11.2020;Okres Bánovce nad Bebravou;6;1;7
15.11.2020;Okres Banská Bystrica;52;2;54
15.11.2020;Okres Bratislava I;9;0;9
15.11.2020;Okres Bratislava II;16;0;16
15.11.2020;Okres Bratislava III;209;0;209
15.11.2020;Okres ?adca;3;0;3
15.11.2020;Okres Humenné;1;;1
15.11.2020;Okres Kežmarok;2;;2
15.11.2020;Okres Komárno;11;2;13
15.11.2020;Okres Košice I;278;4;282
15.11.2020;Okres Košice IV;0;0;0
15.11.2020;Okres Krupina;1;;1
15.11.2020;Okres Levice;159;2;161
15.11.2020;Okres Lu?enec;9;;9
15.11.2020;Okres Michalovce;17;2;19
15.11.2020;Okres Nitra;;1;1
15.11.2020;Okres Nové Mesto nad Váhom;6;1;7
15.11.2020;Okres Partizánske;17;4;21
15.11.2020;Okres Pezinok;2;;2
15.11.2020;Okres Poprad;15;0;15
15.11.2020;Okres Revúca;228;2;230
15.11.2020;Okres Ružomberok;7;;7
15.11.2020;Okres Skalica;8;1;9
15.11.2020;Okres Snina;8;2;10
15.11.2020;Okres Sobrance;2;0;2
15.11.2020;Okres Spišská Nová Ves;31;1;32
15.11.2020;Okres Stará ?ubov?a;13;2;15
15.11.2020;Okres Topo??any;10;0;10
15.11.2020;Okres Trebišov;10;0;10
15.11.2020;Okres Trnava;45;2;47
15.11.2020;Okres Zvolen;11;0;11
15.11.2020;Okres Žilina;3;0;3
16.11.2020;Okres Bánovce nad Bebravou;36;8;44
16.11.2020;Okres Banská Bystrica;55;0;55
16.11.2020;Okres Bardejov;18;2;20
16.11.2020;Okres Bratislava I;86;2;88
16.11.2020;Okres Bratislava II;310;4;314
16.11.2020;Okres Bratislava III;152;1;153
16.11.2020;Okres Bratislava V;94;;94
16.11.2020;Okres Brezno;65;14;79
16.11.2020;Okres ?adca;16;6;22
16.11.2020;Okres Detva;37;3;40
16.11.2020;Okres Dolný Kubín;41;2;43
16.11.2020;Okres Dunajská Streda;426;13;439
16.11.2020;Okres Galanta;14;3;17
16.11.2020;Okres Hlohovec;;;
16.11.2020;Okres Humenné;1;;1
16.11.2020;Okres Ilava;13;17;30
16.11.2020;Okres Kežmarok;6;;6
16.11.2020;Okres Komárno;38;4;42
16.11.2020;Okres Košice I;255;6;261
16.11.2020;Okres Košice II;103;8;111
16.11.2020;Okres Košice IV;5;0;5
16.11.2020;Okres Krupina;1;;1
16.11.2020;Okres Levice;260;4;264
16.11.2020;Okres Levo?a;54;3;57
16.11.2020;Okres Liptovský Mikuláš;7;0;7
16.11.2020;Okres Lu?enec;27;2;29
16.11.2020;Okres Malacky;2;;2
16.11.2020;Okres Martin;80;6;86
16.11.2020;Okres Michalovce;21;4;25
16.11.2020;Okres Myjava;6;1;7
16.11.2020;Okres Nitra;653;35;688
16.11.2020;Okres Nové Mesto nad Váhom;3;1;4
16.11.2020;Okres Nové Zámky;619;30;649
16.11.2020;Okres Partizánske;32;8;40
16.11.2020;Okres Pezinok;7;;7
16.11.2020;Okres Pieš?any;2736;51;2787
16.11.2020;Okres Poltár;;;
16.11.2020;Okres Poprad;168;29;197
16.11.2020;Okres Považská Bystrica;3;;3
16.11.2020;Okres Prešov;127;11;138
16.11.2020;Okres Prievidza;83;9;92
16.11.2020;Okres Púchov;35;0;35
16.11.2020;Okres Revúca;33;0;33
16.11.2020;Okres Rimavská Sobota;21;0;21
16.11.2020;Okres Rož?ava;112;3;115
16.11.2020;Okres Ružomberok;4;;4
16.11.2020;Okres Senec;;2;2
16.11.2020;Okres Skalica;8;1;9
16.11.2020;Okres Snina;27;2;29
16.11.2020;Okres Sobrance;1;0;1
16.11.2020;Okres Spišská Nová Ves;20;2;22
16.11.2020;Okres Stará ?ubov?a;8;6;14
16.11.2020;Okres Topo??any;6;0;6
16.11.2020;Okres Trebišov;14;1;15
16.11.2020;Okres Tren?ín;25;1;26
16.11.2020;Okres Trnava;217;12;229
16.11.2020;Okres Ve?ký Krtíš;101;;101
16.11.2020;Okres Zlaté Moravce;260;2;262
16.11.2020;Okres Zvolen;19;1;20
16.11.2020;Okres Žarnovica;41;3;44
16.11.2020;Okres Žiar nad Hronom;25;2;27
16.11.2020;Okres Žilina;99;1;100
17.11.2020;Okres Banská Bystrica;169;16;185
17.11.2020;Okres Bratislava I;63;0;63
17.11.2020;Okres Bratislava II;450;9;459
17.11.2020;Okres Bratislava III;16;2;18
17.11.2020;Okres Bratislava V;231;7;238
17.11.2020;Okres ?adca;295;15;310
17.11.2020;Okres Galanta;151;19;170
17.11.2020;Okres Humenné;1;;1
17.11.2020;Okres Komárno;98;8;106
17.11.2020;Okres Košice I;6;0;6
17.11.2020;Okres Košice IV;1;0;1
17.11.2020;Okres Krupina;1;;1
17.11.2020;Okres Levice;91;5;96
17.11.2020;Okres Levo?a;53;7;60
17.11.2020;Okres Lu?enec;10;1;11
17.11.2020;Okres Malacky;9;;9
17.11.2020;Okres Michalovce;28;7;35
17.11.2020;Okres Myjava;25;6;31
17.11.2020;Okres Nitra;394;16;410
17.11.2020;Okres Nové Mesto nad Váhom;14;1;15
17.11.2020;Okres Partizánske;24;4;28
17.11.2020;Okres Pezinok;159;5;164
17.11.2020;Okres Pieš?any;348;12;360
17.11.2020;Okres Poprad;27;4;31
17.11.2020;Okres Prešov;23;2;25
17.11.2020;Okres Prievidza;0;0;0
17.11.2020;Okres Revúca;197;0;197
17.11.2020;Okres Rimavská Sobota;120;9;129
17.11.2020;Okres Ružomberok;4;;4
17.11.2020;Okres Skalica;10;2;12
17.11.2020;Okres Snina;12;2;14
17.11.2020;Okres Sobrance;3;0;3
17.11.2020;Okres Spišská Nová Ves;44;2;46
17.11.2020;Okres Stará ?ubov?a;10;;10
17.11.2020;Okres Topo??any;13;0;13
17.11.2020;Okres Tren?ín;43;4;47
17.11.2020;Okres Trnava;163;40;203
17.11.2020;Okres Vranov nad Top?ou;37;4;41
17.11.2020;Okres Zvolen;81;9;90
17.11.2020;Okres Žilina;191;;191
18.11.2020;Okres Bánovce nad Bebravou;83;21;104
18.11.2020;Okres Banská Bystrica;73;2;75
18.11.2020;Okres Bardejov;42;5;47
18.11.2020;Okres Bratislava I;58;1;59
18.11.2020;Okres Bratislava II;275;9;284
18.11.2020;Okres Bratislava III;36;1;37
18.11.2020;Okres Bratislava V;;57;57
18.11.2020;Okres Brezno;193;19;212
18.11.2020;Okres ?adca;133;7;140
18.11.2020;Okres Detva;93;12;105
18.11.2020;Okres Dolný Kubín;27;3;30
18.11.2020;Okres Dunajská Streda;265;38;303
18.11.2020;Okres Galanta;5;1;6
18.11.2020;Okres Hlohovec;20;0;20
18.11.2020;Okres Humenné;18;0;18
18.11.2020;Okres Ilava;60;12;72
18.11.2020;Okres Kežmarok;86;12;98
18.11.2020;Okres Komárno;92;4;96
18.11.2020;Okres Košice I;279;6;285
18.11.2020;Okres Košice II;80;4;84
18.11.2020;Okres Košice IV;7;0;7
18.11.2020;Okres Krupina;7;4;11
18.11.2020;Okres Levice;351;7;358
18.11.2020;Okres Levo?a;16;;16
18.11.2020;Okres Liptovský Mikuláš;5;;5
18.11.2020;Okres Lu?enec;20;;20
18.11.2020;Okres Martin;141;5;146
18.11.2020;Okres Michalovce;34;4;38
18.11.2020;Okres Myjava;10;0;10
18.11.2020;Okres Nitra;986;33;1019
18.11.2020;Okres Nové Mesto nad Váhom;6;0;6
18.11.2020;Okres Nové Zámky;560;26;586
18.11.2020;Okres Partizánske;6;2;8
18.11.2020;Okres Pezinok;84;2;86
18.11.2020;Okres Pieš?any;2862;55;2917
18.11.2020;Okres Poltár;;;
18.11.2020;Okres Poprad;31;1;32
18.11.2020;Okres Považská Bystrica;1;1;2
18.11.2020;Okres Prešov;120;2;122
18.11.2020;Okres Prievidza;131;25;156
18.11.2020;Okres Púchov;24;1;25
18.11.2020;Okres Revúca;25;0;25
18.11.2020;Okres Rimavská Sobota;20;5;25
18.11.2020;Okres Rož?ava;88;1;89
18.11.2020;Okres Ružomberok;2;;2
18.11.2020;Okres Senec;163;5;168
18.11.2020;Okres Senica;70;15;85
18.11.2020;Okres Skalica;12;0;12
18.11.2020;Okres Snina;7;4;11
18.11.2020;Okres Sobrance;1;0;1
18.11.2020;Okres Spišská Nová Ves;18;2;20
18.11.2020;Okres Stará ?ubov?a;11;2;13
18.11.2020;Okres Topo??any;8;0;8
18.11.2020;Okres Trebišov;25;0;25
18.11.2020;Okres Tren?ín;58;4;62
18.11.2020;Okres Trnava;203;13;216
18.11.2020;Okres Ve?ký Krtíš;4;;4
18.11.2020;Okres Zlaté Moravce;112;7;119
18.11.2020;Okres Zvolen;94;10;104
18.11.2020;Okres Žarnovica;;;
18.11.2020;Okres Žiar nad Hronom;58;10;68
18.11.2020;Okres Žilina;40;;40
18.11.2020;Okres Sabinov;67;10;77
19.11.2020;Okres Bánovce nad Bebravou;94;15;109
19.11.2020;Okres Banská Bystrica;221;12;233
19.11.2020;Okres Bardejov;194;22;216
19.11.2020;Okres Bratislava I;70;0;70
19.11.2020;Okres Bratislava II;413;14;427
19.11.2020;Okres Bratislava III;43;1;44
19.11.2020;Okres Bratislava V;220;3;223
19.11.2020;Okres Brezno;115;30;145
19.11.2020;Okres ?adca;308;31;339
19.11.2020;Okres Detva;84;4;88
19.11.2020;Okres Dolný Kubín;59;8;67
19.11.2020;Okres Dunajská Streda;170;23;193
19.11.2020;Okres Galanta;178;10;188
19.11.2020;Okres Hlohovec;11;0;11
19.11.2020;Okres Humenné;18;0;18
19.11.2020;Okres Ilava;108;25;133
19.11.2020;Okres Kežmarok;132;132;264
19.11.2020;Okres Komárno;189;12;201
19.11.2020;Okres Košice I;250;10;260
19.11.2020;Okres Košice II;78;1;79
19.11.2020;Okres Košice IV;32;0;32
19.11.2020;Okres Krupina;1;;1
19.11.2020;Okres Levice;730;44;774
19.11.2020;Okres Levo?a;46;6;52
19.11.2020;Okres Liptovský Mikuláš;8;0;8
19.11.2020;Okres Lu?enec;29;;29
19.11.2020;Okres Malacky;112;3;115
19.11.2020;Okres Martin;225;19;244
19.11.2020;Okres Michalovce;196;14;210
19.11.2020;Okres Myjava;36;5;41
19.11.2020;Okres Námestovo;71;0;71
19.11.2020;Okres Nitra;1130;41;1171
19.11.2020;Okres Nové Mesto nad Váhom;20;0;20
19.11.2020;Okres Nové Zámky;802;28;830
19.11.2020;Okres Partizánske;49;6;55
19.11.2020;Okres Pezinok;129;8;137
19.11.2020;Okres Pieš?any;2728;52;2780
19.11.2020;Okres Poltár;;;
19.11.2020;Okres Poprad;74;4;78
19.11.2020;Okres Prešov;1338;45;1383
19.11.2020;Okres Prievidza;197;24;221
19.11.2020;Okres Púchov;10;0;10
19.11.2020;Okres Revúca;153;7;160
19.11.2020;Okres Rimavská Sobota;171;8;179
19.11.2020;Okres Rož?ava;45;0;45
19.11.2020;Okres Ružomberok;4;;4
19.11.2020;Okres Senica;81;12;93
19.11.2020;Okres Skalica;83;6;89
19.11.2020;Okres Snina;57;4;61
19.11.2020;Okres Sobrance;1;0;1
19.11.2020;Okres Spišská Nová Ves;96;7;103
19.11.2020;Okres Stará ?ubov?a;10;5;15
19.11.2020;Okres Svidník;6;;6
19.11.2020;Okres Topo??any;17;0;17
19.11.2020;Okres Trebišov;950;8;958
19.11.2020;Okres Tren?ín;226;38;264
19.11.2020;Okres Trnava;139;4;143
19.11.2020;Okres Tvrdošín;22;1;23
19.11.2020;Okres Ve?ký Krtíš;7;;7
19.11.2020;Okres Vranov nad Top?ou;70;4;74
19.11.2020;Okres Zlaté Moravce;85;8;93
19.11.2020;Okres Zvolen;246;16;262
19.11.2020;Okres Žarnovica;;;
19.11.2020;Okres Žiar nad Hronom;85;5;90
19.11.2020;Okres Žilina;55;2;57
19.11.2020;Okres Sabinov;103;11;114
20.11.2020;Okres Bánovce nad Bebravou;148;10;158
20.11.2020;Okres Banská Bystrica;201;10;211
20.11.2020;Okres Bardejov;147;3;150
20.11.2020;Okres Bratislava I;502;2;504
20.11.2020;Okres Bratislava II;485;14;499
20.11.2020;Okres Bratislava III;1100;3;1103
20.11.2020;Okres Bratislava V;229;8;237
20.11.2020;Okres Brezno;294;44;338
20.11.2020;Okres ?adca;408;19;427
20.11.2020;Okres Detva;149;16;165
20.11.2020;Okres Dolný Kubín;24;0;24
20.11.2020;Okres Dunajská Streda;249;26;275
20.11.2020;Okres Galanta;124;6;130
20.11.2020;Okres Humenné;16;0;16
20.11.2020;Okres Ilava;126;7;133
20.11.2020;Okres Kežmarok;261;26;287
20.11.2020;Okres Komárno;349;13;362
20.11.2020;Okres Košice I;304;15;319
20.11.2020;Okres Košice II;2038;14;2052
20.11.2020;Okres Košice IV;7;0;7
20.11.2020;Okres Krupina;11;;11
20.11.2020;Okres Levice;640;21;661
20.11.2020;Okres Levo?a;71;12;83
20.11.2020;Okres Liptovský Mikuláš;4;0;4
20.11.2020;Okres Lu?enec;27;;27
20.11.2020;Okres Malacky;94;1;95
20.11.2020;Okres Martin;253;9;262
20.11.2020;Okres Michalovce;189;7;196
20.11.2020;Okres Myjava;30;3;33
20.11.2020;Okres Námestovo;95;4;99
20.11.2020;Okres Nitra;1217;19;1236
20.11.2020;Okres Nové Mesto nad Váhom;20;;20
20.11.2020;Okres Nové Zámky;1504;26;1530
20.11.2020;Okres Partizánske;32;6;38
20.11.2020;Okres Pezinok;127;9;136
20.11.2020;Okres Pieš?any;2727;53;2780
20.11.2020;Okres Poltár;;;
20.11.2020;Okres Poprad;95;1;96
20.11.2020;Okres Považská Bystrica;132;15;147
20.11.2020;Okres Prešov;1238;41;1279
20.11.2020;Okres Prievidza;156;28;184
20.11.2020;Okres Púchov;15;0;15
20.11.2020;Okres Revúca;13;0;13
20.11.2020;Okres Rimavská Sobota;160;2;162
20.11.2020;Okres Rož?ava;193;0;193
20.11.2020;Okres Ružomberok;6;;6
20.11.2020;Okres Senec;332;11;343
20.11.2020;Okres Senica;116;7;123
20.11.2020;Okres Skalica;104;8;112
20.11.2020;Okres Snina;79;1;80
20.11.2020;Okres Sobrance;2;0;2
20.11.2020;Okres Spišská Nová Ves;108;6;114
20.11.2020;Okres Stará ?ubov?a;14;3;17
20.11.2020;Okres Svidník;10;;10
20.11.2020;Okres Topo??any;46;4;50
20.11.2020;Okres Trebišov;148;3;151
20.11.2020;Okres Tren?ín;202;24;226
20.11.2020;Okres Trnava;405;12;417
20.11.2020;Okres Tvrdošín;131;10;141
20.11.2020;Okres Ve?ký Krtíš;65;3;68
20.11.2020;Okres Vranov nad Top?ou;98;12;110
20.11.2020;Okres Zlaté Moravce;264;18;282
20.11.2020;Okres Zvolen;175;9;184
20.11.2020;Okres Žarnovica;;;
20.11.2020;Okres Žiar nad Hronom;777;21;798
20.11.2020;Okres Žilina;153;3;156
20.11.2020;Okres Sabinov;129;0;129
21.11.2020;Okres Bánovce nad Bebravou;14;0;14
21.11.2020;Okres Banská Bystrica;270;9;279
21.11.2020;Okres Bratislava I;177;1;178
21.11.2020;Okres Bratislava II;630;9;639
21.11.2020;Okres Bratislava III;848;28;876
21.11.2020;Okres Bratislava V;307;5;312
21.11.2020;Okres ?adca;432;17;449
21.11.2020;Okres Galanta;162;4;166
21.11.2020;Okres Hlohovec;1;0;1
21.11.2020;Okres Humenné;15;;15
21.11.2020;Okres Ilava;29;1;30
21.11.2020;Okres Kežmarok;286;30;316
21.11.2020;Okres Komárno;254;7;261
21.11.2020;Okres Košice I;147;7;154
21.11.2020;Okres Košice II;62;2;64
21.11.2020;Okres Košice IV;224;0;224
21.11.2020;Okres Levice;299;5;304
21.11.2020;Okres Levo?a;135;12;147
21.11.2020;Okres Lu?enec;19;;19
21.11.2020;Okres Michalovce;228;26;254
21.11.2020;Okres Myjava;53;7;60
21.11.2020;Okres Nitra;368;16;384
21.11.2020;Okres Partizánske;30;3;33
21.11.2020;Okres Pezinok;164;4;168
21.11.2020;Okres Poprad;52;3;55
21.11.2020;Okres Prešov;55;2;57
21.11.2020;Okres Prievidza;202;33;235
21.11.2020;Okres Revúca;199;0;199
21.11.2020;Okres Rimavská Sobota;147;2;149
21.11.2020;Okres Rož?ava;35;0;35
21.11.2020;Okres Ružomberok;6;;6
21.11.2020;Okres Senica;140;13;153
21.11.2020;Okres Skalica;138;4;142
21.11.2020;Okres Snina;11;;11
21.11.2020;Okres Sobrance;43;0;43
21.11.2020;Okres Spišská Nová Ves;36;1;37
21.11.2020;Okres Stará ?ubov?a;15;2;17
21.11.2020;Okres Svidník;16;1;17
21.11.2020;Okres Topo??any;30;0;30
21.11.2020;Okres Trebišov;83;0;83
21.11.2020;Okres Tren?ín;1048;25;1073
21.11.2020;Okres Trnava;888;13;901
21.11.2020;Okres Vranov nad Top?ou;115;7;122
21.11.2020;Okres Zlaté Moravce;132;10;142
21.11.2020;Okres Zvolen;148;2;150
21.11.2020;Okres Žiar nad Hronom;121;1;122
21.11.2020;Okres Žilina;67;3;70
22.11.2020;Okres Bánovce nad Bebravou;2;0;2
22.11.2020;Okres Banská Bystrica;36;1;37
22.11.2020;Okres Bratislava I;13;1;14
22.11.2020;Okres Bratislava II;23;4;27
22.11.2020;Okres Bratislava III;28;2;30
22.11.2020;Okres ?adca;41;2;43
22.11.2020;Okres Humenné;1;;1
22.11.2020;Okres Kežmarok;14;;14
22.11.2020;Okres Komárno;17;2;19
22.11.2020;Okres Košice I;0;0;0
22.11.2020;Okres Košice IV;8;0;8
22.11.2020;Okres Krupina;1;;1
22.11.2020;Okres Levice;1148;22;1170
22.11.2020;Okres Lu?enec;10;;10
22.11.2020;Okres Malacky;3;;3
22.11.2020;Okres Michalovce;12;3;15
22.11.2020;Okres Partizánske;19;6;25
22.11.2020;Okres Pezinok;14;;14
22.11.2020;Okres Poprad;11;1;12
22.11.2020;Okres Prievidza;0;0;0
22.11.2020;Okres Revúca;31;0;31
22.11.2020;Okres Rož?ava;0;0;0
22.11.2020;Okres Skalica;10;4;14
22.11.2020;Okres Snina;2;;2
22.11.2020;Okres Sobrance;2;0;2
22.11.2020;Okres Spišská Nová Ves;27;2;29
22.11.2020;Okres Stará ?ubov?a;16;;16
22.11.2020;Okres Topo??any;11;1;12
22.11.2020;Okres Trebišov;8;0;8
22.11.2020;Okres Tren?ín;9;1;10
22.11.2020;Okres Trnava;54;3;57
22.11.2020;Okres Zvolen;26;0;26
22.11.2020;Okres Žilina;26;0;26
23.11.2020;Okres Bánovce nad Bebravou;130;11;141
23.11.2020;Okres Banská Bystrica;9014;113;9127
23.11.2020;Okres Bardejov;115;11;126
23.11.2020;Okres Bratislava I;6672;45;6717
23.11.2020;Okres Bratislava II;252;7;259
23.11.2020;Okres Bratislava III;41;4;45
23.11.2020;Okres Bratislava V;64;2;66
23.11.2020;Okres Brezno;191;28;219
23.11.2020;Okres ?adca;54;0;54
23.11.2020;Okres Detva;172;29;201
23.11.2020;Okres Dolný Kubín;89;0;89
23.11.2020;Okres Dunajská Streda;43;5;48
23.11.2020;Okres Galanta;8;2;10
23.11.2020;Okres Hlohovec;22;0;22
23.11.2020;Okres Humenné;27;0;27
23.11.2020;Okres Ilava;154;21;175
23.11.2020;Okres Kežmarok;6;;6
23.11.2020;Okres Komárno;23;3;26
23.11.2020;Okres Košice I;1;0;1
23.11.2020;Okres Košice II;82;0;82
23.11.2020;Okres Košice IV;3354;30;3384
23.11.2020;Okres Krupina;8;;8
23.11.2020;Okres Levice;505;20;525
23.11.2020;Okres Liptovský Mikuláš;114;9;123
23.11.2020;Okres Lu?enec;7;1;8
23.11.2020;Okres Malacky;5;;5
23.11.2020;Okres Martin;266;12;278
23.11.2020;Okres Michalovce;34;6;40
23.11.2020;Okres Myjava;5;0;5
23.11.2020;Okres Námestovo;52;10;62
23.11.2020;Okres Nitra;8930;178;9108
23.11.2020;Okres Nové Mesto nad Váhom;256;33;289
23.11.2020;Okres Nové Zámky;36;4;40
23.11.2020;Okres Partizánske;24;8;32
23.11.2020;Okres Pezinok;8;;8
23.11.2020;Okres Pieš?any;2958;59;3017
23.11.2020;Okres Poltár;;;
23.11.2020;Okres Poprad;11;2;13
23.11.2020;Okres Považská Bystrica;196;27;223
23.11.2020;Okres Prešov;599;21;620
23.11.2020;Okres Prievidza;154;21;175
23.11.2020;Okres Púchov;20;0;20
23.11.2020;Okres Revúca;160;0;160
23.11.2020;Okres Rimavská Sobota;46;0;46
23.11.2020;Okres Rož?ava;178;0;178
23.11.2020;Okres Ružomberok;6;;6
23.11.2020;Okres Senec;35;0;35
23.11.2020;Okres Senica;142;12;154
23.11.2020;Okres Skalica;14;1;15
23.11.2020;Okres Snina;148;15;163
23.11.2020;Okres Sobrance;4;0;4
23.11.2020;Okres Spišská Nová Ves;247;18;265
23.11.2020;Okres Stará ?ubov?a;20;4;24
23.11.2020;Okres Svidník;9;1;10
23.11.2020;Okres Topo??any;6;0;6
23.11.2020;Okres Trebišov;19;0;19
23.11.2020;Okres Tren?ín;247;1;248
23.11.2020;Okres Trnava;6875;105;6980
23.11.2020;Okres Tvrdošín;76;10;86
23.11.2020;Okres Ve?ký Krtíš;168;12;180
23.11.2020;Okres Zlaté Moravce;85;4;89
23.11.2020;Okres Zvolen;50;7;57
23.11.2020;Okres Žarnovica;;;
23.11.2020;Okres Žiar nad Hronom;132;1;133
23.11.2020;Okres Žilina;102;3;105
23.11.2020;Okres Sabinov;82;3;85
24.11.2020;Okres Bánovce nad Bebravou;62;8;70
24.11.2020;Okres Banská Bystrica;500;24;524
24.11.2020;Okres Bardejov;279;6;285
24.11.2020;Okres Bratislava I;385;4;389
24.11.2020;Okres Bratislava II;866;24;890
24.11.2020;Okres Bratislava III;903;6;909
24.11.2020;Okres Bratislava V;325;9;334
24.11.2020;Okres Brezno;129;12;141
24.11.2020;Okres ?adca;297;12;309
24.11.2020;Okres Detva;94;10;104
24.11.2020;Okres Dolný Kubín;45;8;53
24.11.2020;Okres Dunajská Streda;231;35;266
24.11.2020;Okres Galanta;204;17;221
24.11.2020;Okres Hlohovec;3;0;3
24.11.2020;Okres Humenné;22;0;22
24.11.2020;Okres Ilava;118;10;128
24.11.2020;Okres Kežmarok;196;28;224
24.11.2020;Okres Komárno;249;8;257
24.11.2020;Okres Košice - okolie;8;1;9
24.11.2020;Okres Košice I;270;9;279
24.11.2020;Okres Košice II;582;7;589
24.11.2020;Okres Košice IV;176;16;192
24.11.2020;Okres Krupina;8;;8
24.11.2020;Okres Levice;721;31;752
24.11.2020;Okres Levo?a;78;2;80
24.11.2020;Okres Liptovský Mikuláš;61;6;67
24.11.2020;Okres Lu?enec;716;5;721
24.11.2020;Okres Malacky;6;;6
24.11.2020;Okres Martin;126;4;130
24.11.2020;Okres Michalovce;312;19;331
24.11.2020;Okres Myjava;93;7;100
24.11.2020;Okres Námestovo;43;3;46
24.11.2020;Okres Nitra;293;16;309
24.11.2020;Okres Nové Mesto nad Váhom;245;14;259
24.11.2020;Okres Nové Zámky;39;1;40
24.11.2020;Okres Partizánske;137;23;160
24.11.2020;Okres Pezinok;176;9;185
24.11.2020;Okres Pieš?any;3812;71;3883
24.11.2020;Okres Poltár;;;
24.11.2020;Okres Poprad;148;3;151
24.11.2020;Okres Považská Bystrica;155;24;179
24.11.2020;Okres Prešov;672;69;741
24.11.2020;Okres Prievidza;300;33;333
24.11.2020;Okres Púchov;5;0;5
24.11.2020;Okres Revúca;300;1;301
24.11.2020;Okres Rimavská Sobota;38;0;38
24.11.2020;Okres Rož?ava;84;0;84
24.11.2020;Okres Ružomberok;1159;2;1161
24.11.2020;Okres Senec;327;15;342
24.11.2020;Okres Senica;88;7;95
24.11.2020;Okres Skalica;165;9;174
24.11.2020;Okres Snina;23;;23
24.11.2020;Okres Sobrance;11;0;11
24.11.2020;Okres Spišská Nová Ves;239;2;241
24.11.2020;Okres Stará ?ubov?a;12;4;16
24.11.2020;Okres Svidník;114;1;115
24.11.2020;Okres Topo??any;30;2;32
24.11.2020;Okres Trebišov;189;10;199
24.11.2020;Okres Tren?ín;1438;189;1627
24.11.2020;Okres Trnava;397;9;406
24.11.2020;Okres Tvrdošín;60;5;65
24.11.2020;Okres Ve?ký Krtíš;85;2;87
24.11.2020;Okres Vranov nad Top?ou;97;21;118
24.11.2020;Okres Zlaté Moravce;58;;58
24.11.2020;Okres Zvolen;150;4;154
24.11.2020;Okres Žarnovica;;;
24.11.2020;Okres Žiar nad Hronom;242;9;251
24.11.2020;Okres Žilina;301;27;328
24.11.2020;Okres Sabinov;66;6;72
25.11.2020;Okres Bánovce nad Bebravou;66;4;70
25.11.2020;Okres Banská Bystrica;585;15;600
25.11.2020;Okres Bardejov;524;6;530
25.11.2020;Okres Bratislava I;73;0;73
25.11.2020;Okres Bratislava II;413;7;420
25.11.2020;Okres Bratislava III;699;14;713
25.11.2020;Okres Bratislava V;242;7;249
25.11.2020;Okres Brezno;0;0;0
25.11.2020;Okres ?adca;296;16;312
25.11.2020;Okres Detva;94;15;109
25.11.2020;Okres Dolný Kubín;36;0;36
25.11.2020;Okres Dunajská Streda;237;31;268
25.11.2020;Okres Galanta;195;7;202
25.11.2020;Okres Hlohovec;24;0;24
25.11.2020;Okres Humenné;350;2;352
25.11.2020;Okres Ilava;138;11;149
25.11.2020;Okres Kežmarok;77;10;87
25.11.2020;Okres Komárno;161;8;169
25.11.2020;Okres Košice - okolie;2;;2
25.11.2020;Okres Košice I;236;4;240
25.11.2020;Okres Košice II;262;3;265
25.11.2020;Okres Košice IV;183;23;206
25.11.2020;Okres Krupina;7;;7
25.11.2020;Okres Levice;722;30;752
25.11.2020;Okres Levo?a;100;3;103
25.11.2020;Okres Liptovský Mikuláš;50;6;56
25.11.2020;Okres Lu?enec;26;;26
25.11.2020;Okres Malacky;118;10;128
25.11.2020;Okres Martin;211;8;219
25.11.2020;Okres Michalovce;451;80;531
25.11.2020;Okres Námestovo;63;5;68
25.11.2020;Okres Nitra;398;11;409
25.11.2020;Okres Nové Mesto nad Váhom;214;7;221
25.11.2020;Okres Nové Zámky;691;13;704
25.11.2020;Okres Partizánske;109;14;123
25.11.2020;Okres Pezinok;114;2;116
25.11.2020;Okres Pieš?any;3279;57;3336
25.11.2020;Okres Poltár;65;0;65
25.11.2020;Okres Poprad;130;4;134
25.11.2020;Okres Považská Bystrica;173;30;203
25.11.2020;Okres Prešov;505;33;538
25.11.2020;Okres Prievidza;284;37;321
25.11.2020;Okres Púchov;14;0;14
25.11.2020;Okres Revúca;460;30;490
25.11.2020;Okres Rimavská Sobota;189;3;192
25.11.2020;Okres Rož?ava;262;0;262
25.11.2020;Okres Ružomberok;411;5;416
25.11.2020;Okres Senec;1;0;1
25.11.2020;Okres Senica;104;10;114
25.11.2020;Okres Skalica;61;7;68
25.11.2020;Okres Snina;56;5;61
25.11.2020;Okres Sobrance;5;0;5
25.11.2020;Okres Spišská Nová Ves;134;12;146
25.11.2020;Okres Stará ?ubov?a;73;12;85
25.11.2020;Okres Svidník;47;3;50
25.11.2020;Okres Ša?a;25;;25
25.11.2020;Okres Topo??any;85;10;95
25.11.2020;Okres Trebišov;129;0;129
25.11.2020;Okres Tren?ín;446;57;503
25.11.2020;Okres Trnava;316;17;333
25.11.2020;Okres Tvrdošín;59;4;63
25.11.2020;Okres Ve?ký Krtíš;72;2;74
25.11.2020;Okres Vranov nad Top?ou;102;7;109
25.11.2020;Okres Zlaté Moravce;72;2;74
25.11.2020;Okres Zvolen;170;12;182
25.11.2020;Okres Žarnovica;;;
25.11.2020;Okres Žiar nad Hronom;157;7;164
25.11.2020;Okres Žilina;91;5;96
25.11.2020;Okres Sabinov;84;0;84
26.11.2020;Okres Bánovce nad Bebravou;94;11;105
26.11.2020;Okres Banská Bystrica;385;14;399
26.11.2020;Okres Bardejov;471;4;475
26.11.2020;Okres Bratislava I;59;0;59
26.11.2020;Okres Bratislava II;560;16;576
26.11.2020;Okres Bratislava III;337;2;339
26.11.2020;Okres Bratislava V;356;14;370
26.11.2020;Okres Brezno;307;8;315
26.11.2020;Okres ?adca;315;22;337
26.11.2020;Okres Detva;137;12;149
26.11.2020;Okres Dolný Kubín;48;4;52
26.11.2020;Okres Dunajská Streda;219;27;246
26.11.2020;Okres Galanta;258;6;264
26.11.2020;Okres Gelnica;27;2;29
26.11.2020;Okres Hlohovec;1;0;1
26.11.2020;Okres Humenné;32;0;32
26.11.2020;Okres Ilava;155;13;168
26.11.2020;Okres Kežmarok;113;113;226
26.11.2020;Okres Komárno;171;2;173
26.11.2020;Okres Košice I;212;13;225
26.11.2020;Okres Košice II;169;0;169
26.11.2020;Okres Košice IV;3;1;4
26.11.2020;Okres Krupina;12;;12
26.11.2020;Okres Levice;811;21;832
26.11.2020;Okres Levo?a;103;4;107
26.11.2020;Okres Liptovský Mikuláš;85;3;88
26.11.2020;Okres Lu?enec;93;2;95
26.11.2020;Okres Malacky;85;3;88
26.11.2020;Okres Martin;404;20;424
26.11.2020;Okres Michalovce;217;22;239
26.11.2020;Okres Myjava;43;6;49
26.11.2020;Okres Námestovo;66;4;70
26.11.2020;Okres Nitra;699;22;721
26.11.2020;Okres Nové Mesto nad Váhom;172;8;180
26.11.2020;Okres Nové Zámky;586;12;598
26.11.2020;Okres Partizánske;123;7;130
26.11.2020;Okres Pezinok;176;12;188
26.11.2020;Okres Pieš?any;3271;57;3328
26.11.2020;Okres Poltár;;;
26.11.2020;Okres Poprad;1328;116;1444
26.11.2020;Okres Považská Bystrica;208;33;241
26.11.2020;Okres Prešov;377;21;398
26.11.2020;Okres Prievidza;212;28;240
26.11.2020;Okres Púchov;4;0;4
26.11.2020;Okres Revúca;583;32;615
26.11.2020;Okres Rimavská Sobota;141;4;145
26.11.2020;Okres Rož?ava;161;0;161
26.11.2020;Okres Ružomberok;36;1;37
26.11.2020;Okres Senec;277;6;283
26.11.2020;Okres Senica;102;10;112
26.11.2020;Okres Skalica;119;3;122
26.11.2020;Okres Snina;74;2;76
26.11.2020;Okres Sobrance;1;0;1
26.11.2020;Okres Spišská Nová Ves;125;3;128
26.11.2020;Okres Stará ?ubov?a;84;11;95
26.11.2020;Okres Svidník;38;0;38
26.11.2020;Okres Topo??any;95;2;97
26.11.2020;Okres Trebišov;175;14;189
26.11.2020;Okres Tren?ín;241;16;257
26.11.2020;Okres Trnava;238;13;251
26.11.2020;Okres Tvrdošín;51;3;54
26.11.2020;Okres Ve?ký Krtíš;52;3;55
26.11.2020;Okres Vranov nad Top?ou;201;34;235
26.11.2020;Okres Zlaté Moravce;71;;71
26.11.2020;Okres Zvolen;157;11;168
26.11.2020;Okres Žarnovica;;;
26.11.2020;Okres Žiar nad Hronom;;5;5
26.11.2020;Okres Žilina;99;0;99
26.11.2020;Okres Sabinov;72;9;81
27.11.2020;Okres Bánovce nad Bebravou;132;21;153
27.11.2020;Okres Banská Bystrica;645;22;667
27.11.2020;Okres Bardejov;485;14;499
27.11.2020;Okres Bratislava I;275;1;276
27.11.2020;Okres Bratislava II;713;17;730
27.11.2020;Okres Bratislava III;340;1;341
27.11.2020;Okres Bratislava V;327;17;344
27.11.2020;Okres Brezno;226;62;288
27.11.2020;Okres ?adca;271;16;287
27.11.2020;Okres Detva;174;12;186
27.11.2020;Okres Dolný Kubín;49;2;51
27.11.2020;Okres Dunajská Streda;233;26;259
27.11.2020;Okres Galanta;422;14;436
27.11.2020;Okres Gelnica;67;2;69
27.11.2020;Okres Humenné;32;0;32
27.11.2020;Okres Ilava;176;16;192
27.11.2020;Okres Kežmarok;178;30;208
27.11.2020;Okres Komárno;246;14;260
27.11.2020;Okres Košice - okolie;1;;1
27.11.2020;Okres Košice I;785;18;803
27.11.2020;Okres Košice II;150;1;151
27.11.2020;Okres Košice IV;107;6;113
27.11.2020;Okres Krupina;2;;2
27.11.2020;Okres Levice;655;29;684
27.11.2020;Okres Liptovský Mikuláš;72;4;76
27.11.2020;Okres Lu?enec;103;1;104
27.11.2020;Okres Malacky;5;;5
27.11.2020;Okres Martin;199;7;206
27.11.2020;Okres Michalovce;1150;32;1182
27.11.2020;Okres Myjava;131;4;135
27.11.2020;Okres Námestovo;86;13;99
27.11.2020;Okres Nitra;492;14;506
27.11.2020;Okres Nové Mesto nad Váhom;147;19;166
27.11.2020;Okres Nové Zámky;57;0;57
27.11.2020;Okres Partizánske;162;19;181
27.11.2020;Okres Pezinok;376;10;386
27.11.2020;Okres Pieš?any;3357;63;3420
27.11.2020;Okres Poltár;;;
27.11.2020;Okres Poprad;460;15;475
27.11.2020;Okres Považská Bystrica;156;23;179
27.11.2020;Okres Prešov;553;18;571
27.11.2020;Okres Prievidza;186;21;207
27.11.2020;Okres Púchov;19;1;20
27.11.2020;Okres Revúca;141;0;141
27.11.2020;Okres Rimavská Sobota;133;3;136
27.11.2020;Okres Rož?ava;139;0;139
27.11.2020;Okres Ružomberok;30;0;30
27.11.2020;Okres Senec;251;10;261
27.11.2020;Okres Senica;161;11;172
27.11.2020;Okres Skalica;134;12;146
27.11.2020;Okres Snina;44;2;46
27.11.2020;Okres Sobrance;0;0;0
27.11.2020;Okres Spišská Nová Ves;175;12;187
27.11.2020;Okres Stará ?ubov?a;76;4;80
27.11.2020;Okres Svidník;16;0;16
27.11.2020;Okres Topo??any;78;2;80
27.11.2020;Okres Trebišov;155;3;158
27.11.2020;Okres Tren?ín;475;47;522
27.11.2020;Okres Trnava;520;17;537
27.11.2020;Okres Tvrdošín;74;4;78
27.11.2020;Okres Ve?ký Krtíš;114;11;125
27.11.2020;Okres Vranov nad Top?ou;253;27;280
27.11.2020;Okres Zlaté Moravce;25;;25
27.11.2020;Okres Zvolen;201;3;204
27.11.2020;Okres Žarnovica;;;
27.11.2020;Okres Žiar nad Hronom;191;6;197
27.11.2020;Okres Žilina;132;0;132
27.11.2020;Okres Sabinov;114;11;125
28.11.2020;Okres Bánovce nad Bebravou;2;0;2
28.11.2020;Okres Banská Bystrica;463;21;484
28.11.2020;Okres Bratislava I;566;2;568
28.11.2020;Okres Bratislava II;628;12;640
28.11.2020;Okres Bratislava III;474;3;477
28.11.2020;Okres Bratislava V;278;7;285
28.11.2020;Okres ?adca;273;14;287
28.11.2020;Okres Galanta;668;32;700
28.11.2020;Okres Humenné;36;;36
28.11.2020;Okres Komárno;291;7;298
28.11.2020;Okres Košice I;67;0;67
28.11.2020;Okres Košice II;80;;80
28.11.2020;Okres Košice IV;0;0;0
28.11.2020;Okres Krupina;8;;8
28.11.2020;Okres Levice;114;6;120
28.11.2020;Okres Levo?a;82;8;90
28.11.2020;Okres Lu?enec;136;2;138
28.11.2020;Okres Michalovce;363;25;388
28.11.2020;Okres Myjava;135;6;141
28.11.2020;Okres Nitra;475;18;493
28.11.2020;Okres Nové Mesto nad Váhom;155;18;173
28.11.2020;Okres Partizánske;178;9;187
28.11.2020;Okres Pezinok;665;9;674
28.11.2020;Okres Poprad;288;15;303
28.11.2020;Okres Považská Bystrica;222;32;254
28.11.2020;Okres Prievidza;126;12;138
28.11.2020;Okres Revúca;201;0;201
28.11.2020;Okres Rimavská Sobota;97;2;99
28.11.2020;Okres Senica;190;17;207
28.11.2020;Okres Skalica;161;9;170
28.11.2020;Okres Snina;8;2;10
28.11.2020;Okres Spišská Nová Ves;97;27;124
28.11.2020;Okres Stará ?ubov?a;18;9;27
28.11.2020;Okres Topo??any;12;0;12
28.11.2020;Okres Trebišov;114;;114
28.11.2020;Okres Tren?ín;233;16;249
28.11.2020;Okres Trnava;397;15;412
28.11.2020;Okres Vranov nad Top?ou;258;30;288
28.11.2020;Okres Zvolen;145;13;158
28.11.2020;Okres Žiar nad Hronom;229;10;239
28.11.2020;Okres Žilina;76;1;77
29.11.2020;Okres Bánovce nad Bebravou;2;1;3
29.11.2020;Okres Banská Bystrica;41;1;42
29.11.2020;Okres Bratislava I;7;0;7
29.11.2020;Okres Bratislava II;152;3;155
29.11.2020;Okres Bratislava III;34;18;52
29.11.2020;Okres ?adca;54;7;61
29.11.2020;Okres Detva;1;;1
29.11.2020;Okres Galanta;668;32;700
29.11.2020;Okres Humenné;4;;4
29.11.2020;Okres Kežmarok;356;40;396
29.11.2020;Okres Komárno;14;2;16
29.11.2020;Okres Košice I;261;13;274
29.11.2020;Okres Košice IV;5;0;5
29.11.2020;Okres Lu?enec;14;;14
29.11.2020;Okres Michalovce;20;3;23
29.11.2020;Okres Myjava;6;1;7
29.11.2020;Okres Nové Mesto nad Váhom;2;0;2
29.11.2020;Okres Nové Zámky;606;40;646
29.11.2020;Okres Partizánske;6;2;8
29.11.2020;Okres Pezinok;0;3;3
29.11.2020;Okres Poprad;0;0;0
29.11.2020;Okres Revúca;31;1;32
29.11.2020;Okres Ružomberok;2;;2
29.11.2020;Okres Skalica;8;1;9
29.11.2020;Okres Snina;4;2;6
29.11.2020;Okres Sobrance;1;0;1
29.11.2020;Okres Spišská Nová Ves;27;1;28
29.11.2020;Okres Stará ?ubov?a;15;;15
29.11.2020;Okres Topo??any;14;0;14
29.11.2020;Okres Trebišov;11;;11
29.11.2020;Okres Tren?ín;14;1;15
29.11.2020;Okres Trnava;40;2;42
29.11.2020;Okres Zvolen;24;2;26
29.11.2020;Okres Žilina;25;;25
30.11.2020;Okres Banská Bystrica;1547;28;1575
30.11.2020;Okres Bardejov;670;15;685
30.11.2020;Okres Bratislava I;85;0;85
30.11.2020;Okres Bratislava II;250;8;258
30.11.2020;Okres Bratislava III;657;27;684
30.11.2020;Okres Bratislava V;0;0;0
30.11.2020;Okres Brezno;244;35;279
30.11.2020;Okres ?adca;55;6;61
30.11.2020;Okres Detva;1239;145;1384
30.11.2020;Okres Dolný Kubín;1723;141;1864
30.11.2020;Okres Dunajská Streda;345;28;373
30.11.2020;Okres Galanta;334;16;350
30.11.2020;Okres Gelnica;74;10;84
30.11.2020;Okres Hlohovec;5163;62;5225
30.11.2020;Okres Humenné;6;0;6
30.11.2020;Okres Ilava;9072;276;9348
30.11.2020;Okres Kežmarok;30;0;30
30.11.2020;Okres Komárno;177;14;191
30.11.2020;Okres Košice I;2125;9;2134
30.11.2020;Okres Košice II;197;1;198
30.11.2020;Okres Košice IV;329;2;331
30.11.2020;Okres Krupina;245;16;261
30.11.2020;Okres Levice;3022;69;3091
30.11.2020;Okres Levo?a;27;3;30
30.11.2020;Okres Lu?enec;30;1;31
30.11.2020;Okres Martin;381;34;415
30.11.2020;Okres Michalovce;40;9;49
30.11.2020;Okres Myjava;3345;105;3450
30.11.2020;Okres Námestovo;97;4;101
30.11.2020;Okres Nitra;421;38;459
30.11.2020;Okres Nové Mesto nad Váhom;3;1;4
30.11.2020;Okres Nové Zámky;2;0;2
30.11.2020;Okres Partizánske;1;0;1
30.11.2020;Okres Pezinok;304;33;337
30.11.2020;Okres Pieš?any;445;9;454
30.11.2020;Okres Poltár;103;3;106
30.11.2020;Okres Poprad;70;4;74
30.11.2020;Okres Považská Bystrica;2;0;2
30.11.2020;Okres Prešov;4427;42;4469
30.11.2020;Okres Prievidza;394;42;436
30.11.2020;Okres Púchov;33;0;33
30.11.2020;Okres Revúca;29;1;30
30.11.2020;Okres Rimavská Sobota;230;1;231
30.11.2020;Okres Rož?ava;353;4;357
30.11.2020;Okres Ružomberok;1879;77;1956
30.11.2020;Okres Senec;295;22;317
30.11.2020;Okres Senica;202;19;221
30.11.2020;Okres Skalica;15;1;16
30.11.2020;Okres Snina;109;12;121
30.11.2020;Okres Sobrance;84;6;90
30.11.2020;Okres Spišská Nová Ves;298;7;305
30.11.2020;Okres Svidník;50;1;51
30.11.2020;Okres Topo??any;106;3;109
30.11.2020;Okres Trebišov;12;0;12
30.11.2020;Okres Tren?ín;4386;275;4661
30.11.2020;Okres Trnava;104;3;107
30.11.2020;Okres Tvrdošín;95;10;105
30.11.2020;Okres Zvolen;442;15;457
30.11.2020;Okres Žarnovica;1253;66;1319
30.11.2020;Okres Žilina;1320;47;1367
30.11.2020;Okres Sabinov;129;10;139
1.12.2020;Okres Bánovce nad Bebravou;131;16;147
1.12.2020;Okres Banská Bystrica;361;33;394
1.12.2020;Okres Bardejov;526;17;543
1.12.2020;Okres Bratislava I;152;2;154
1.12.2020;Okres Bratislava II;821;40;861
1.12.2020;Okres Bratislava III;767;33;800
1.12.2020;Okres Bratislava V;376;37;413
1.12.2020;Okres Brezno;0;0;0
1.12.2020;Okres ?adca;359;31;390
1.12.2020;Okres Detva;139;16;155
1.12.2020;Okres Dolný Kubín;106;7;113
1.12.2020;Okres Dunajská Streda;333;48;381
1.12.2020;Okres Galanta;604;29;633
1.12.2020;Okres Gelnica;40;3;43
1.12.2020;Okres Hlohovec;44;0;44
1.12.2020;Okres Humenné;129;4;133
1.12.2020;Okres Ilava;4038;114;4152
1.12.2020;Okres Kežmarok;1065;138;1203
1.12.2020;Okres Komárno;1038;38;1076
1.12.2020;Okres Košice I;336;8;344
1.12.2020;Okres Košice II;184;4;188
1.12.2020;Okres Košice IV;36;0;36
1.12.2020;Okres Krupina;184;1;185
1.12.2020;Okres Levice;891;55;946
1.12.2020;Okres Levo?a;35;3;38
1.12.2020;Okres Lu?enec;627;40;667
1.12.2020;Okres Martin;2974;129;3103
1.12.2020;Okres Michalovce;527;60;587
1.12.2020;Okres Myjava;192;24;216
1.12.2020;Okres Námestovo;99;2;101
1.12.2020;Okres Nitra;155;9;164
1.12.2020;Okres Nové Mesto nad Váhom;216;17;233
1.12.2020;Okres Nové Zámky;1;0;1
1.12.2020;Okres Partizánske;197;50;247
1.12.2020;Okres Pezinok;475;31;506
1.12.2020;Okres Pieš?any;67;3;70
1.12.2020;Okres Poprad;519;44;563
1.12.2020;Okres Považská Bystrica;2;0;2
1.12.2020;Okres Prešov;727;68;795
1.12.2020;Okres Prievidza;324;72;396
1.12.2020;Okres Púchov;4;0;4
1.12.2020;Okres Revúca;254;1;255
1.12.2020;Okres Rimavská Sobota;126;8;134
1.12.2020;Okres Rož?ava;128;10;138
1.12.2020;Okres Ružomberok;155;0;155
1.12.2020;Okres Senec;2;0;2
1.12.2020;Okres Senica;152;11;163
1.12.2020;Okres Skalica;235;26;261
1.12.2020;Okres Snina;8;0;8
1.12.2020;Okres Sobrance;90;7;97
1.12.2020;Okres Spišská Nová Ves;289;23;312
1.12.2020;Okres Svidník;13;1;14
1.12.2020;Okres Ša?a;6;0;6
1.12.2020;Okres Topo??any;113;7;120
1.12.2020;Okres Trebišov;505;13;518
1.12.2020;Okres Tren?ín;476;23;499
1.12.2020;Okres Trnava;887;40;927
1.12.2020;Okres Tvrdošín;53;4;57
1.12.2020;Okres Ve?ký Krtíš;222;21;243
1.12.2020;Okres Vranov nad Top?ou;177;48;225
1.12.2020;Okres Zlaté Moravce;155;3;158
1.12.2020;Okres Zvolen;187;6;193
1.12.2020;Okres Žarnovica;1437;57;1494
1.12.2020;Okres Žiar nad Hronom;194;4;198
1.12.2020;Okres Žilina;2709;129;2838
2.12.2020;Okres Bánovce nad Bebravou;97;15;112
2.12.2020;Okres Banská Bystrica;2685;111;2796
2.12.2020;Okres Bardejov;790;20;810
2.12.2020;Okres Bratislava I;220;1;221
2.12.2020;Okres Bratislava II;467;25;492
2.12.2020;Okres Bratislava III;316;64;380
2.12.2020;Okres Bratislava IV;178;4;182
2.12.2020;Okres Bratislava V;75;6;81
2.12.2020;Okres Brezno;0;0;0
2.12.2020;Okres ?adca;329;28;357
2.12.2020;Okres Detva;144;13;157
2.12.2020;Okres Dolný Kubín;64;4;68
2.12.2020;Okres Dunajská Streda;371;30;401
2.12.2020;Okres Galanta;451;22;473
2.12.2020;Okres Gelnica;51;9;60
2.12.2020;Okres Hlohovec;19;1;20
2.12.2020;Okres Humenné;340;26;366
2.12.2020;Okres Ilava;227;38;265
2.12.2020;Okres Kežmarok;105;17;122
2.12.2020;Okres Komárno;536;22;558
2.12.2020;Okres Košice I;410;18;428
2.12.2020;Okres Košice II;1313;40;1353
2.12.2020;Okres Košice III;0;0;0
2.12.2020;Okres Košice IV;965;3;968
2.12.2020;Okres Krupina;5;1;6
2.12.2020;Okres Levice;608;34;642
2.12.2020;Okres Levo?a;225;12;237
2.12.2020;Okres Lu?enec;229;7;236
2.12.2020;Okres Martin;324;16;340
2.12.2020;Okres Michalovce;440;38;478
2.12.2020;Okres Myjava;120;7;127
2.12.2020;Okres Námestovo;52;2;54
2.12.2020;Okres Nitra;1877;91;1968
2.12.2020;Okres Nové Mesto nad Váhom;193;17;210
2.12.2020;Okres Partizánske;110;21;131
2.12.2020;Okres Pezinok;457;18;475
2.12.2020;Okres Pieš?any;340;5;345
2.12.2020;Okres Poprad;241;21;262
2.12.2020;Okres Prešov;854;34;888
2.12.2020;Okres Prievidza;699;82;781
2.12.2020;Okres Púchov;5;0;5
2.12.2020;Okres Revúca;190;2;192
2.12.2020;Okres Rimavská Sobota;277;12;289
2.12.2020;Okres Rož?ava;59;1;60
2.12.2020;Okres Ružomberok;109;7;116
2.12.2020;Okres Senec;484;18;502
2.12.2020;Okres Senica;147;19;166
2.12.2020;Okres Skalica;129;20;149
2.12.2020;Okres Snina;70;10;80
2.12.2020;Okres Sobrance;59;2;61
2.12.2020;Okres Spišská Nová Ves;159;4;163
2.12.2020;Okres Svidník;42;4;46
2.12.2020;Okres Topo??any;108;1;109
2.12.2020;Okres Trebišov;128;6;134
2.12.2020;Okres Tren?ín;338;39;377
2.12.2020;Okres Trnava;2200;32;2232
2.12.2020;Okres Tvrdošín;64;3;67
2.12.2020;Okres Ve?ký Krtíš;148;6;154
2.12.2020;Okres Vranov nad Top?ou;198;31;229
2.12.2020;Okres Zlaté Moravce;20;0;20
2.12.2020;Okres Zvolen;201;6;207
2.12.2020;Okres Žarnovica;1123;67;1190
2.12.2020;Okres Žiar nad Hronom;6;0;6
2.12.2020;Okres Žilina;300;16;316
2.12.2020;Okres Sabinov;193;15;208
3.12.2020;Okres Banská Bystrica;366;37;403
3.12.2020;Okres Bratislava I;144;0;144
3.12.2020;Okres Bratislava II;810;24;834
3.12.2020;Okres Bratislava III;1509;5;1514
3.12.2020;Okres Bratislava V;81;2;83
3.12.2020;Okres Dolný Kubín;57;12;69
3.12.2020;Okres Dunajská Streda;323;29;352
3.12.2020;Okres Galanta;274;24;298
3.12.2020;Okres Humenné;59;5;64
3.12.2020;Okres Ilava;194;36;230
3.12.2020;Okres Komárno;345;9;354
3.12.2020;Okres Košice I;389;10;399
3.12.2020;Okres Košice II;108;4;112
3.12.2020;Okres Košice IV;748;5;753
3.12.2020;Okres Krupina;36;7;43
3.12.2020;Okres Levice;536;19;555
3.12.2020;Okres Levo?a;2;0;2
3.12.2020;Okres Lu?enec;164;8;172
3.12.2020;Okres Martin;180;9;189
3.12.2020;Okres Michalovce;268;42;310
3.12.2020;Okres Myjava;85;6;91
3.12.2020;Okres Nitra;96;1;97
3.12.2020;Okres Nové Mesto nad Váhom;179;25;204
3.12.2020;Okres Partizánske;116;18;134
3.12.2020;Okres Pezinok;290;10;300
3.12.2020;Okres Pieš?any;162;4;166
3.12.2020;Okres Poprad;187;32;219
3.12.2020;Okres Prešov;19;0;19
3.12.2020;Okres Prievidza;190;33;223
3.12.2020;Okres Revúca;198;9;207
3.12.2020;Okres Rimavská Sobota;197;10;207
3.12.2020;Okres Rož?ava;119;2;121
3.12.2020;Okres Ružomberok;30;2;32
3.12.2020;Okres Skalica;194;13;207
3.12.2020;Okres Sobrance;87;9;96
3.12.2020;Okres Spišská Nová Ves;36;5;41
3.12.2020;Okres Svidník;26;4;30
3.12.2020;Okres Trebišov;5032;51;5083
3.12.2020;Okres Tren?ín;268;16;284
3.12.2020;Okres Trnava;358;19;377
3.12.2020;Okres Tvrdošín;22;1;23
3.12.2020;Okres Vranov nad Top?ou;191;30;221
3.12.2020;Okres Zvolen;157;8;165
3.12.2020;Okres Žiar nad Hronom;8;0;8
3.12.2020;Okres Žilina;326;33;359
