"";"Datum";"Kraj";"Admission";"Discharges"
"1";2020-03-17;"ilinskı kraj";1;0
"2";2020-03-18;"ilinskı kraj";0;0
"3";2020-03-19;"ilinskı kraj";0;0
"4";2020-03-20;"ilinskı kraj";0;0
"5";2020-03-21;"ilinskı kraj";0;0
"6";2020-03-22;"ilinskı kraj";0;0
"7";2020-03-23;"ilinskı kraj";0;0
"8";2020-03-24;"ilinskı kraj";0;0
"9";2020-03-25;"ilinskı kraj";0;0
"10";2020-03-26;"ilinskı kraj";0;0
"11";2020-03-27;"ilinskı kraj";0;0
"12";2020-03-28;"ilinskı kraj";0;0
"13";2020-03-29;"ilinskı kraj";0;0
"14";2020-03-30;"ilinskı kraj";0;0
"15";2020-03-31;"ilinskı kraj";0;0
"16";2020-04-01;"ilinskı kraj";0;0
"17";2020-04-02;"ilinskı kraj";0;0
"18";2020-04-03;"ilinskı kraj";1;0
"19";2020-04-04;"ilinskı kraj";0;0
"20";2020-04-05;"ilinskı kraj";0;0
"21";2020-04-06;"ilinskı kraj";0;0
"22";2020-04-07;"ilinskı kraj";0;0
"23";2020-04-08;"ilinskı kraj";0;0
"24";2020-04-09;"ilinskı kraj";0;0
"25";2020-04-10;"ilinskı kraj";0;0
"26";2020-04-11;"ilinskı kraj";0;0
"27";2020-04-12;"ilinskı kraj";0;0
"28";2020-04-13;"ilinskı kraj";0;0
"29";2020-04-14;"ilinskı kraj";0;1
"30";2020-04-15;"ilinskı kraj";0;0
"31";2020-04-16;"ilinskı kraj";0;0
"32";2020-04-17;"ilinskı kraj";0;0
"33";2020-04-18;"ilinskı kraj";1;0
"34";2020-04-19;"ilinskı kraj";0;0
"35";2020-04-20;"ilinskı kraj";0;0
"36";2020-04-21;"ilinskı kraj";0;0
"37";2020-04-22;"ilinskı kraj";0;0
"38";2020-04-23;"ilinskı kraj";0;0
"39";2020-04-24;"ilinskı kraj";0;0
"40";2020-04-25;"ilinskı kraj";0;1
"41";2020-04-26;"ilinskı kraj";0;0
"42";2020-04-27;"ilinskı kraj";0;0
"43";2020-04-28;"ilinskı kraj";0;0
"44";2020-04-29;"ilinskı kraj";0;0
"45";2020-04-30;"ilinskı kraj";0;0
"46";2020-05-01;"ilinskı kraj";0;0
"47";2020-05-02;"ilinskı kraj";0;0
"48";2020-05-03;"ilinskı kraj";0;0
"49";2020-05-04;"ilinskı kraj";0;0
"50";2020-05-05;"ilinskı kraj";0;0
"51";2020-05-06;"ilinskı kraj";0;0
"52";2020-05-07;"ilinskı kraj";0;0
"53";2020-05-08;"ilinskı kraj";0;0
"54";2020-05-09;"ilinskı kraj";0;0
"55";2020-05-10;"ilinskı kraj";0;0
"56";2020-05-11;"ilinskı kraj";0;1
"57";2020-05-12;"ilinskı kraj";0;0
"58";2020-05-13;"ilinskı kraj";0;0
"59";2020-05-14;"ilinskı kraj";0;0
"60";2020-05-15;"ilinskı kraj";0;0
"61";2020-05-16;"ilinskı kraj";0;0
"62";2020-05-17;"ilinskı kraj";0;0
"63";2020-05-18;"ilinskı kraj";0;0
"64";2020-05-19;"ilinskı kraj";0;0
"65";2020-05-20;"ilinskı kraj";0;0
"66";2020-05-21;"ilinskı kraj";0;0
"67";2020-05-22;"ilinskı kraj";0;0
"68";2020-05-23;"ilinskı kraj";0;0
"69";2020-05-24;"ilinskı kraj";0;0
"70";2020-05-25;"ilinskı kraj";0;0
"71";2020-05-26;"ilinskı kraj";0;0
"72";2020-05-27;"ilinskı kraj";0;0
"73";2020-05-28;"ilinskı kraj";0;0
"74";2020-05-29;"ilinskı kraj";0;0
"75";2020-05-30;"ilinskı kraj";0;0
"76";2020-05-31;"ilinskı kraj";0;0
"77";2020-06-01;"ilinskı kraj";0;0
"78";2020-06-02;"ilinskı kraj";0;0
"79";2020-06-03;"ilinskı kraj";0;0
"80";2020-06-04;"ilinskı kraj";0;0
"81";2020-06-05;"ilinskı kraj";0;0
"82";2020-06-06;"ilinskı kraj";0;0
"83";2020-06-07;"ilinskı kraj";0;0
"84";2020-06-08;"ilinskı kraj";0;0
"85";2020-06-09;"ilinskı kraj";0;0
"86";2020-06-10;"ilinskı kraj";0;0
"87";2020-06-11;"ilinskı kraj";0;0
"88";2020-06-12;"ilinskı kraj";0;0
"89";2020-06-13;"ilinskı kraj";0;0
"90";2020-06-14;"ilinskı kraj";0;0
"91";2020-06-15;"ilinskı kraj";0;0
"92";2020-06-16;"ilinskı kraj";0;0
"93";2020-06-17;"ilinskı kraj";0;0
"94";2020-06-18;"ilinskı kraj";0;0
"95";2020-06-19;"ilinskı kraj";0;0
"96";2020-06-20;"ilinskı kraj";0;0
"97";2020-06-21;"ilinskı kraj";0;0
"98";2020-06-22;"ilinskı kraj";0;0
"99";2020-06-23;"ilinskı kraj";0;0
"100";2020-06-24;"ilinskı kraj";0;0
"101";2020-06-25;"ilinskı kraj";0;0
"102";2020-06-26;"ilinskı kraj";0;0
"103";2020-06-27;"ilinskı kraj";0;0
"104";2020-06-28;"ilinskı kraj";0;0
"105";2020-06-29;"ilinskı kraj";0;0
"106";2020-06-30;"ilinskı kraj";0;0
"107";2020-07-01;"ilinskı kraj";0;0
"108";2020-07-02;"ilinskı kraj";0;0
"109";2020-07-03;"ilinskı kraj";0;0
"110";2020-07-04;"ilinskı kraj";0;0
"111";2020-07-05;"ilinskı kraj";0;0
"112";2020-07-06;"ilinskı kraj";0;0
"113";2020-07-07;"ilinskı kraj";0;0
"114";2020-07-08;"ilinskı kraj";0;0
"115";2020-07-09;"ilinskı kraj";0;0
"116";2020-07-10;"ilinskı kraj";0;0
"117";2020-07-11;"ilinskı kraj";0;0
"118";2020-07-12;"ilinskı kraj";0;0
"119";2020-07-13;"ilinskı kraj";0;0
"120";2020-07-14;"ilinskı kraj";0;0
"121";2020-07-15;"ilinskı kraj";0;0
"122";2020-07-16;"ilinskı kraj";0;0
"123";2020-07-17;"ilinskı kraj";0;0
"124";2020-07-18;"ilinskı kraj";0;0
"125";2020-07-19;"ilinskı kraj";0;0
"126";2020-07-20;"ilinskı kraj";0;0
"127";2020-07-21;"ilinskı kraj";0;0
"128";2020-07-22;"ilinskı kraj";0;0
"129";2020-07-23;"ilinskı kraj";0;0
"130";2020-07-24;"ilinskı kraj";0;0
"131";2020-07-25;"ilinskı kraj";0;0
"132";2020-07-26;"ilinskı kraj";0;0
"133";2020-07-27;"ilinskı kraj";0;0
"134";2020-07-28;"ilinskı kraj";0;0
"135";2020-07-29;"ilinskı kraj";0;0
"136";2020-07-30;"ilinskı kraj";0;0
"137";2020-07-31;"ilinskı kraj";0;0
"138";2020-08-01;"ilinskı kraj";0;0
"139";2020-08-02;"ilinskı kraj";0;0
"140";2020-08-03;"ilinskı kraj";0;0
"141";2020-08-04;"ilinskı kraj";1;0
"142";2020-08-05;"ilinskı kraj";2;0
"143";2020-08-06;"ilinskı kraj";0;0
"144";2020-08-07;"ilinskı kraj";2;1
"145";2020-08-08;"ilinskı kraj";0;0
"146";2020-08-09;"ilinskı kraj";0;0
"147";2020-08-10;"ilinskı kraj";0;0
"148";2020-08-11;"ilinskı kraj";0;0
"149";2020-08-12;"ilinskı kraj";0;0
"150";2020-08-13;"ilinskı kraj";0;0
"151";2020-08-14;"ilinskı kraj";0;0
"152";2020-08-15;"ilinskı kraj";0;0
"153";2020-08-16;"ilinskı kraj";0;0
"154";2020-08-17;"ilinskı kraj";0;0
"155";2020-08-18;"ilinskı kraj";0;1
"156";2020-08-19;"ilinskı kraj";0;0
"157";2020-08-20;"ilinskı kraj";1;1
"158";2020-08-21;"ilinskı kraj";0;0
"159";2020-08-22;"ilinskı kraj";0;0
"160";2020-08-23;"ilinskı kraj";0;0
"161";2020-08-24;"ilinskı kraj";0;0
"162";2020-08-25;"ilinskı kraj";0;0
"163";2020-08-26;"ilinskı kraj";0;0
"164";2020-08-27;"ilinskı kraj";0;0
"165";2020-08-28;"ilinskı kraj";1;0
"166";2020-08-29;"ilinskı kraj";0;0
"167";2020-08-30;"ilinskı kraj";0;0
"168";2020-08-31;"ilinskı kraj";2;0
"169";2020-09-01;"ilinskı kraj";0;1
"170";2020-09-02;"ilinskı kraj";1;0
"171";2020-09-03;"ilinskı kraj";0;0
"172";2020-09-04;"ilinskı kraj";0;0
"173";2020-09-05;"ilinskı kraj";0;1
"174";2020-09-06;"ilinskı kraj";0;0
"175";2020-09-07;"ilinskı kraj";0;0
"176";2020-09-08;"ilinskı kraj";0;0
"177";2020-09-09;"ilinskı kraj";0;1
"178";2020-09-10;"ilinskı kraj";0;0
"179";2020-09-11;"ilinskı kraj";1;0
"180";2020-09-12;"ilinskı kraj";0;0
"181";2020-09-13;"ilinskı kraj";0;0
"182";2020-09-14;"ilinskı kraj";0;1
"183";2020-09-15;"ilinskı kraj";0;0
"184";2020-09-16;"ilinskı kraj";0;0
"185";2020-09-17;"ilinskı kraj";0;0
"186";2020-09-18;"ilinskı kraj";1;1
"187";2020-09-19;"ilinskı kraj";1;0
"188";2020-09-20;"ilinskı kraj";0;0
"189";2020-09-21;"ilinskı kraj";0;1
"190";2020-09-22;"ilinskı kraj";2;0
"191";2020-09-23;"ilinskı kraj";2;0
"192";2020-09-24;"ilinskı kraj";1;0
"193";2020-09-25;"ilinskı kraj";0;0
"194";2020-09-26;"ilinskı kraj";2;0
"195";2020-09-27;"ilinskı kraj";0;0
"196";2020-09-28;"ilinskı kraj";0;0
"197";2020-09-29;"ilinskı kraj";2;3
"198";2020-09-30;"ilinskı kraj";1;0
"199";2020-10-01;"ilinskı kraj";0;0
"200";2020-10-02;"ilinskı kraj";0;0
"201";2020-10-03;"ilinskı kraj";3;0
"202";2020-10-04;"ilinskı kraj";2;1
"203";2020-10-05;"ilinskı kraj";4;3
"204";2020-10-06;"ilinskı kraj";1;3
"205";2020-10-07;"ilinskı kraj";4;3
"206";2020-10-08;"ilinskı kraj";1;1
"207";2020-10-09;"ilinskı kraj";2;1
"208";2020-10-10;"ilinskı kraj";2;0
"209";2020-10-11;"ilinskı kraj";1;0
"210";2020-10-12;"ilinskı kraj";2;0
"211";2020-10-13;"ilinskı kraj";2;2
"212";2020-10-14;"ilinskı kraj";2;1
"213";2020-10-15;"ilinskı kraj";1;1
"214";2020-10-16;"ilinskı kraj";2;2
"215";2020-10-17;"ilinskı kraj";1;1
"216";2020-10-18;"ilinskı kraj";1;1
"217";2020-10-19;"ilinskı kraj";1;2
"218";2020-10-20;"ilinskı kraj";2;3
"219";2020-10-21;"ilinskı kraj";3;1
"220";2020-10-22;"ilinskı kraj";9;2
"221";2020-10-23;"ilinskı kraj";8;3
"222";2020-10-24;"ilinskı kraj";3;3
"223";2020-10-25;"ilinskı kraj";4;0
"224";2020-10-26;"ilinskı kraj";7;5
"225";2020-10-27;"ilinskı kraj";2;7
"226";2020-10-28;"ilinskı kraj";5;2
"227";2020-10-29;"ilinskı kraj";1;2
"228";2020-10-30;"ilinskı kraj";3;2
"229";2020-10-31;"ilinskı kraj";2;2
"230";2020-11-01;"ilinskı kraj";6;3
"231";2020-11-02;"ilinskı kraj";5;4
"232";2020-11-03;"ilinskı kraj";2;1
"233";2020-11-04;"ilinskı kraj";1;0
"234";2020-11-05;"ilinskı kraj";2;1
"235";2020-11-06;"ilinskı kraj";5;2
"236";2020-11-07;"ilinskı kraj";1;0
"237";2020-11-08;"ilinskı kraj";1;2
"238";2020-11-09;"ilinskı kraj";5;6
"239";2020-11-10;"ilinskı kraj";3;3
"240";2020-11-11;"ilinskı kraj";1;4
"241";2020-11-12;"ilinskı kraj";2;4
"242";2020-11-13;"ilinskı kraj";6;3
"243";2020-11-14;"ilinskı kraj";6;1
"244";2020-11-15;"ilinskı kraj";3;2
"245";2020-11-16;"ilinskı kraj";4;1
"246";2020-11-17;"ilinskı kraj";0;1
"247";2020-11-18;"ilinskı kraj";3;2
"248";2020-11-19;"ilinskı kraj";1;4
"249";2020-11-20;"ilinskı kraj";3;2
"250";2020-11-21;"ilinskı kraj";0;3
"251";2020-11-22;"ilinskı kraj";5;1
"252";2020-11-23;"ilinskı kraj";5;1
"253";2020-11-24;"ilinskı kraj";5;5
"254";2020-11-25;"ilinskı kraj";6;2
"255";2020-11-26;"ilinskı kraj";10;3
"256";2020-11-27;"ilinskı kraj";1;13
"257";2020-11-28;"ilinskı kraj";3;0
"258";2020-11-29;"ilinskı kraj";3;5
"259";2020-11-30;"ilinskı kraj";3;2
"260";2020-12-01;"ilinskı kraj";5;1
"261";2020-12-02;"ilinskı kraj";7;0
"262";2020-12-03;"ilinskı kraj";4;5
"263";2020-12-04;"ilinskı kraj";6;7
"264";2020-12-05;"ilinskı kraj";5;6
"265";2020-12-06;"ilinskı kraj";2;2
"266";2020-12-07;"ilinskı kraj";8;5
"267";2020-12-08;"ilinskı kraj";7;3
"268";2020-12-09;"ilinskı kraj";3;3
"269";2020-12-10;"ilinskı kraj";7;6
"270";2020-12-11;"ilinskı kraj";3;3
"271";2020-12-12;"ilinskı kraj";2;3
"272";2020-12-13;"ilinskı kraj";4;4
"273";2020-12-14;"ilinskı kraj";5;4
"274";2020-12-15;"ilinskı kraj";7;8
"275";2020-12-16;"ilinskı kraj";6;2
"276";2020-12-17;"ilinskı kraj";6;6
"277";2020-12-18;"ilinskı kraj";1;8
"278";2020-12-19;"ilinskı kraj";2;0
"279";2020-12-20;"ilinskı kraj";1;7
"280";2020-12-21;"ilinskı kraj";6;9
"281";2020-12-22;"ilinskı kraj";6;6
"282";2020-12-23;"ilinskı kraj";2;4
"283";2020-12-24;"ilinskı kraj";9;5
"284";2020-12-25;"ilinskı kraj";4;0
"285";2020-12-26;"ilinskı kraj";5;2
"286";2020-12-27;"ilinskı kraj";2;4
"287";2020-12-28;"ilinskı kraj";12;7
"288";2020-12-29;"ilinskı kraj";6;12
"289";2020-12-30;"ilinskı kraj";4;13
"290";2020-12-31;"ilinskı kraj";1;2
"291";2021-01-01;"ilinskı kraj";6;4
"292";2021-01-02;"ilinskı kraj";1;0
"293";2021-01-03;"ilinskı kraj";1;0
"294";2020-03-17;"Bratislavskı kraj";0;0
"295";2020-03-18;"Bratislavskı kraj";0;0
"296";2020-03-19;"Bratislavskı kraj";0;0
"297";2020-03-20;"Bratislavskı kraj";0;0
"298";2020-03-21;"Bratislavskı kraj";0;0
"299";2020-03-22;"Bratislavskı kraj";1;0
"300";2020-03-23;"Bratislavskı kraj";0;0
"301";2020-03-24;"Bratislavskı kraj";0;0
"302";2020-03-25;"Bratislavskı kraj";0;0
"303";2020-03-26;"Bratislavskı kraj";0;0
"304";2020-03-27;"Bratislavskı kraj";0;0
"305";2020-03-28;"Bratislavskı kraj";0;0
"306";2020-03-29;"Bratislavskı kraj";0;0
"307";2020-03-30;"Bratislavskı kraj";0;0
"308";2020-03-31;"Bratislavskı kraj";0;0
"309";2020-04-01;"Bratislavskı kraj";0;0
"310";2020-04-02;"Bratislavskı kraj";0;0
"311";2020-04-03;"Bratislavskı kraj";0;0
"312";2020-04-04;"Bratislavskı kraj";0;0
"313";2020-04-05;"Bratislavskı kraj";0;0
"314";2020-04-06;"Bratislavskı kraj";0;1
"315";2020-04-07;"Bratislavskı kraj";0;0
"316";2020-04-08;"Bratislavskı kraj";0;0
"317";2020-04-09;"Bratislavskı kraj";0;0
"318";2020-04-10;"Bratislavskı kraj";0;0
"319";2020-04-11;"Bratislavskı kraj";0;0
"320";2020-04-12;"Bratislavskı kraj";1;0
"321";2020-04-13;"Bratislavskı kraj";2;0
"322";2020-04-14;"Bratislavskı kraj";0;0
"323";2020-04-15;"Bratislavskı kraj";1;0
"324";2020-04-16;"Bratislavskı kraj";1;0
"325";2020-04-17;"Bratislavskı kraj";0;0
"326";2020-04-18;"Bratislavskı kraj";0;1
"327";2020-04-19;"Bratislavskı kraj";0;0
"328";2020-04-20;"Bratislavskı kraj";0;1
"329";2020-04-21;"Bratislavskı kraj";0;0
"330";2020-04-22;"Bratislavskı kraj";0;0
"331";2020-04-23;"Bratislavskı kraj";0;0
"332";2020-04-24;"Bratislavskı kraj";0;0
"333";2020-04-25;"Bratislavskı kraj";0;0
"334";2020-04-26;"Bratislavskı kraj";0;0
"335";2020-04-27;"Bratislavskı kraj";0;1
"336";2020-04-28;"Bratislavskı kraj";0;0
"337";2020-04-29;"Bratislavskı kraj";0;1
"338";2020-04-30;"Bratislavskı kraj";0;1
"339";2020-05-01;"Bratislavskı kraj";0;0
"340";2020-05-02;"Bratislavskı kraj";0;0
"341";2020-05-03;"Bratislavskı kraj";0;0
"342";2020-05-04;"Bratislavskı kraj";0;0
"343";2020-05-05;"Bratislavskı kraj";0;0
"344";2020-05-06;"Bratislavskı kraj";0;0
"345";2020-05-07;"Bratislavskı kraj";0;0
"346";2020-05-08;"Bratislavskı kraj";0;0
"347";2020-05-09;"Bratislavskı kraj";0;0
"348";2020-05-10;"Bratislavskı kraj";0;0
"349";2020-05-11;"Bratislavskı kraj";0;0
"350";2020-05-12;"Bratislavskı kraj";0;0
"351";2020-05-13;"Bratislavskı kraj";0;0
"352";2020-05-14;"Bratislavskı kraj";0;0
"353";2020-05-15;"Bratislavskı kraj";0;0
"354";2020-05-16;"Bratislavskı kraj";0;0
"355";2020-05-17;"Bratislavskı kraj";0;0
"356";2020-05-18;"Bratislavskı kraj";0;0
"357";2020-05-19;"Bratislavskı kraj";0;0
"358";2020-05-20;"Bratislavskı kraj";0;0
"359";2020-05-21;"Bratislavskı kraj";0;0
"360";2020-05-22;"Bratislavskı kraj";0;0
"361";2020-05-23;"Bratislavskı kraj";0;0
"362";2020-05-24;"Bratislavskı kraj";0;0
"363";2020-05-25;"Bratislavskı kraj";0;0
"364";2020-05-26;"Bratislavskı kraj";0;0
"365";2020-05-27;"Bratislavskı kraj";0;0
"366";2020-05-28;"Bratislavskı kraj";0;0
"367";2020-05-29;"Bratislavskı kraj";0;0
"368";2020-05-30;"Bratislavskı kraj";0;0
"369";2020-05-31;"Bratislavskı kraj";0;0
"370";2020-06-01;"Bratislavskı kraj";0;0
"371";2020-06-02;"Bratislavskı kraj";0;0
"372";2020-06-03;"Bratislavskı kraj";0;0
"373";2020-06-04;"Bratislavskı kraj";0;0
"374";2020-06-05;"Bratislavskı kraj";0;0
"375";2020-06-06;"Bratislavskı kraj";0;0
"376";2020-06-07;"Bratislavskı kraj";0;0
"377";2020-06-08;"Bratislavskı kraj";0;0
"378";2020-06-09;"Bratislavskı kraj";0;0
"379";2020-06-10;"Bratislavskı kraj";0;0
"380";2020-06-11;"Bratislavskı kraj";0;0
"381";2020-06-12;"Bratislavskı kraj";0;0
"382";2020-06-13;"Bratislavskı kraj";0;0
"383";2020-06-14;"Bratislavskı kraj";0;0
"384";2020-06-15;"Bratislavskı kraj";0;0
"385";2020-06-16;"Bratislavskı kraj";0;0
"386";2020-06-17;"Bratislavskı kraj";0;0
"387";2020-06-18;"Bratislavskı kraj";0;0
"388";2020-06-19;"Bratislavskı kraj";0;0
"389";2020-06-20;"Bratislavskı kraj";0;0
"390";2020-06-21;"Bratislavskı kraj";0;0
"391";2020-06-22;"Bratislavskı kraj";0;0
"392";2020-06-23;"Bratislavskı kraj";0;0
"393";2020-06-24;"Bratislavskı kraj";0;0
"394";2020-06-25;"Bratislavskı kraj";0;0
"395";2020-06-26;"Bratislavskı kraj";0;0
"396";2020-06-27;"Bratislavskı kraj";0;0
"397";2020-06-28;"Bratislavskı kraj";0;0
"398";2020-06-29;"Bratislavskı kraj";0;0
"399";2020-06-30;"Bratislavskı kraj";0;0
"400";2020-07-01;"Bratislavskı kraj";0;0
"401";2020-07-02;"Bratislavskı kraj";0;0
"402";2020-07-03;"Bratislavskı kraj";0;0
"403";2020-07-04;"Bratislavskı kraj";0;0
"404";2020-07-05;"Bratislavskı kraj";0;0
"405";2020-07-06;"Bratislavskı kraj";0;0
"406";2020-07-07;"Bratislavskı kraj";0;0
"407";2020-07-08;"Bratislavskı kraj";0;0
"408";2020-07-09;"Bratislavskı kraj";0;0
"409";2020-07-10;"Bratislavskı kraj";0;0
"410";2020-07-11;"Bratislavskı kraj";0;0
"411";2020-07-12;"Bratislavskı kraj";0;0
"412";2020-07-13;"Bratislavskı kraj";0;0
"413";2020-07-14;"Bratislavskı kraj";0;0
"414";2020-07-15;"Bratislavskı kraj";0;0
"415";2020-07-16;"Bratislavskı kraj";0;0
"416";2020-07-17;"Bratislavskı kraj";0;0
"417";2020-07-18;"Bratislavskı kraj";0;0
"418";2020-07-19;"Bratislavskı kraj";0;0
"419";2020-07-20;"Bratislavskı kraj";0;0
"420";2020-07-21;"Bratislavskı kraj";0;0
"421";2020-07-22;"Bratislavskı kraj";0;0
"422";2020-07-23;"Bratislavskı kraj";0;0
"423";2020-07-24;"Bratislavskı kraj";0;0
"424";2020-07-25;"Bratislavskı kraj";0;0
"425";2020-07-26;"Bratislavskı kraj";0;0
"426";2020-07-27;"Bratislavskı kraj";0;0
"427";2020-07-28;"Bratislavskı kraj";0;0
"428";2020-07-29;"Bratislavskı kraj";0;0
"429";2020-07-30;"Bratislavskı kraj";0;0
"430";2020-07-31;"Bratislavskı kraj";0;0
"431";2020-08-01;"Bratislavskı kraj";0;0
"432";2020-08-02;"Bratislavskı kraj";0;0
"433";2020-08-03;"Bratislavskı kraj";0;0
"434";2020-08-04;"Bratislavskı kraj";0;0
"435";2020-08-05;"Bratislavskı kraj";0;0
"436";2020-08-06;"Bratislavskı kraj";0;0
"437";2020-08-07;"Bratislavskı kraj";0;0
"438";2020-08-08;"Bratislavskı kraj";0;0
"439";2020-08-09;"Bratislavskı kraj";0;0
"440";2020-08-10;"Bratislavskı kraj";0;0
"441";2020-08-11;"Bratislavskı kraj";0;0
"442";2020-08-12;"Bratislavskı kraj";0;0
"443";2020-08-13;"Bratislavskı kraj";0;0
"444";2020-08-14;"Bratislavskı kraj";0;0
"445";2020-08-15;"Bratislavskı kraj";0;0
"446";2020-08-16;"Bratislavskı kraj";0;0
"447";2020-08-17;"Bratislavskı kraj";0;0
"448";2020-08-18;"Bratislavskı kraj";0;0
"449";2020-08-19;"Bratislavskı kraj";0;0
"450";2020-08-20;"Bratislavskı kraj";0;0
"451";2020-08-21;"Bratislavskı kraj";0;0
"452";2020-08-22;"Bratislavskı kraj";0;0
"453";2020-08-23;"Bratislavskı kraj";0;0
"454";2020-08-24;"Bratislavskı kraj";0;0
"455";2020-08-25;"Bratislavskı kraj";0;0
"456";2020-08-26;"Bratislavskı kraj";0;0
"457";2020-08-27;"Bratislavskı kraj";0;0
"458";2020-08-28;"Bratislavskı kraj";0;0
"459";2020-08-29;"Bratislavskı kraj";0;0
"460";2020-08-30;"Bratislavskı kraj";0;0
"461";2020-08-31;"Bratislavskı kraj";0;0
"462";2020-09-01;"Bratislavskı kraj";0;0
"463";2020-09-02;"Bratislavskı kraj";0;0
"464";2020-09-03;"Bratislavskı kraj";0;0
"465";2020-09-04;"Bratislavskı kraj";0;0
"466";2020-09-05;"Bratislavskı kraj";0;0
"467";2020-09-06;"Bratislavskı kraj";0;0
"468";2020-09-07;"Bratislavskı kraj";0;0
"469";2020-09-08;"Bratislavskı kraj";0;0
"470";2020-09-09;"Bratislavskı kraj";0;0
"471";2020-09-10;"Bratislavskı kraj";0;0
"472";2020-09-11;"Bratislavskı kraj";1;0
"473";2020-09-12;"Bratislavskı kraj";0;0
"474";2020-09-13;"Bratislavskı kraj";0;0
"475";2020-09-14;"Bratislavskı kraj";0;0
"476";2020-09-15;"Bratislavskı kraj";0;0
"477";2020-09-16;"Bratislavskı kraj";0;0
"478";2020-09-17;"Bratislavskı kraj";0;0
"479";2020-09-18;"Bratislavskı kraj";0;0
"480";2020-09-19;"Bratislavskı kraj";0;0
"481";2020-09-20;"Bratislavskı kraj";0;0
"482";2020-09-21;"Bratislavskı kraj";0;0
"483";2020-09-22;"Bratislavskı kraj";0;0
"484";2020-09-23;"Bratislavskı kraj";0;0
"485";2020-09-24;"Bratislavskı kraj";0;0
"486";2020-09-25;"Bratislavskı kraj";0;0
"487";2020-09-26;"Bratislavskı kraj";0;0
"488";2020-09-27;"Bratislavskı kraj";0;0
"489";2020-09-28;"Bratislavskı kraj";0;0
"490";2020-09-29;"Bratislavskı kraj";0;0
"491";2020-09-30;"Bratislavskı kraj";0;0
"492";2020-10-01;"Bratislavskı kraj";0;0
"493";2020-10-02;"Bratislavskı kraj";0;1
"494";2020-10-03;"Bratislavskı kraj";0;0
"495";2020-10-04;"Bratislavskı kraj";0;0
"496";2020-10-05;"Bratislavskı kraj";0;0
"497";2020-10-06;"Bratislavskı kraj";1;0
"498";2020-10-07;"Bratislavskı kraj";0;0
"499";2020-10-08;"Bratislavskı kraj";0;0
"500";2020-10-09;"Bratislavskı kraj";0;0
"501";2020-10-10;"Bratislavskı kraj";0;0
"502";2020-10-11;"Bratislavskı kraj";0;0
"503";2020-10-12;"Bratislavskı kraj";1;0
"504";2020-10-13;"Bratislavskı kraj";0;1
"505";2020-10-14;"Bratislavskı kraj";0;0
"506";2020-10-15;"Bratislavskı kraj";0;0
"507";2020-10-16;"Bratislavskı kraj";0;0
"508";2020-10-17;"Bratislavskı kraj";0;0
"509";2020-10-18;"Bratislavskı kraj";1;0
"510";2020-10-19;"Bratislavskı kraj";0;0
"511";2020-10-20;"Bratislavskı kraj";0;0
"512";2020-10-21;"Bratislavskı kraj";2;0
"513";2020-10-22;"Bratislavskı kraj";0;0
"514";2020-10-23;"Bratislavskı kraj";0;0
"515";2020-10-24;"Bratislavskı kraj";0;0
"516";2020-10-25;"Bratislavskı kraj";1;0
"517";2020-10-26;"Bratislavskı kraj";0;1
"518";2020-10-27;"Bratislavskı kraj";0;0
"519";2020-10-28;"Bratislavskı kraj";2;0
"520";2020-10-29;"Bratislavskı kraj";0;1
"521";2020-10-30;"Bratislavskı kraj";1;1
"522";2020-10-31;"Bratislavskı kraj";0;1
"523";2020-11-01;"Bratislavskı kraj";1;0
"524";2020-11-02;"Bratislavskı kraj";1;0
"525";2020-11-03;"Bratislavskı kraj";0;1
"526";2020-11-04;"Bratislavskı kraj";0;1
"527";2020-11-05;"Bratislavskı kraj";1;0
"528";2020-11-06;"Bratislavskı kraj";0;0
"529";2020-11-07;"Bratislavskı kraj";0;0
"530";2020-11-08;"Bratislavskı kraj";2;0
"531";2020-11-09;"Bratislavskı kraj";2;0
"532";2020-11-10;"Bratislavskı kraj";2;0
"533";2020-11-11;"Bratislavskı kraj";0;0
"534";2020-11-12;"Bratislavskı kraj";0;0
"535";2020-11-13;"Bratislavskı kraj";1;0
"536";2020-11-14;"Bratislavskı kraj";0;0
"537";2020-11-15;"Bratislavskı kraj";1;1
"538";2020-11-16;"Bratislavskı kraj";3;0
"539";2020-11-17;"Bratislavskı kraj";0;2
"540";2020-11-18;"Bratislavskı kraj";2;0
"541";2020-11-19;"Bratislavskı kraj";0;1
"542";2020-11-20;"Bratislavskı kraj";0;0
"543";2020-11-21;"Bratislavskı kraj";1;0
"544";2020-11-22;"Bratislavskı kraj";0;0
"545";2020-11-23;"Bratislavskı kraj";0;0
"546";2020-11-24;"Bratislavskı kraj";0;0
"547";2020-11-25;"Bratislavskı kraj";1;4
"548";2020-11-26;"Bratislavskı kraj";0;2
"549";2020-11-27;"Bratislavskı kraj";0;1
"550";2020-11-28;"Bratislavskı kraj";0;0
"551";2020-11-29;"Bratislavskı kraj";1;1
"552";2020-11-30;"Bratislavskı kraj";0;1
"553";2020-12-01;"Bratislavskı kraj";0;0
"554";2020-12-02;"Bratislavskı kraj";0;1
"555";2020-12-03;"Bratislavskı kraj";2;1
"556";2020-12-04;"Bratislavskı kraj";0;0
"557";2020-12-05;"Bratislavskı kraj";0;0
"558";2020-12-06;"Bratislavskı kraj";0;0
"559";2020-12-07;"Bratislavskı kraj";2;2
"560";2020-12-08;"Bratislavskı kraj";1;0
"561";2020-12-09;"Bratislavskı kraj";1;0
"562";2020-12-10;"Bratislavskı kraj";1;3
"563";2020-12-11;"Bratislavskı kraj";1;1
"564";2020-12-12;"Bratislavskı kraj";0;0
"565";2020-12-13;"Bratislavskı kraj";0;0
"566";2020-12-14;"Bratislavskı kraj";1;0
"567";2020-12-15;"Bratislavskı kraj";4;0
"568";2020-12-16;"Bratislavskı kraj";2;1
"569";2020-12-17;"Bratislavskı kraj";1;2
"570";2020-12-18;"Bratislavskı kraj";0;1
"571";2020-12-19;"Bratislavskı kraj";2;0
"572";2020-12-20;"Bratislavskı kraj";1;1
"573";2020-12-21;"Bratislavskı kraj";0;1
"574";2020-12-22;"Bratislavskı kraj";2;3
"575";2020-12-23;"Bratislavskı kraj";2;2
"576";2020-12-24;"Bratislavskı kraj";0;0
"577";2020-12-25;"Bratislavskı kraj";0;1
"578";2020-12-26;"Bratislavskı kraj";1;1
"579";2020-12-27;"Bratislavskı kraj";0;0
"580";2020-12-28;"Bratislavskı kraj";1;5
"581";2020-12-29;"Bratislavskı kraj";1;4
"582";2020-12-30;"Bratislavskı kraj";0;3
"583";2020-12-31;"Bratislavskı kraj";0;0
"584";2021-01-01;"Bratislavskı kraj";0;0
"585";2021-01-02;"Bratislavskı kraj";0;0
"586";2021-01-03;"Bratislavskı kraj";0;0
"587";2020-03-17;"Prešovskı kraj";0;0
"588";2020-03-18;"Prešovskı kraj";0;0
"589";2020-03-19;"Prešovskı kraj";0;0
"590";2020-03-20;"Prešovskı kraj";0;0
"591";2020-03-21;"Prešovskı kraj";0;0
"592";2020-03-22;"Prešovskı kraj";0;0
"593";2020-03-23;"Prešovskı kraj";0;0
"594";2020-03-24;"Prešovskı kraj";0;0
"595";2020-03-25;"Prešovskı kraj";0;0
"596";2020-03-26;"Prešovskı kraj";0;0
"597";2020-03-27;"Prešovskı kraj";0;0
"598";2020-03-28;"Prešovskı kraj";0;0
"599";2020-03-29;"Prešovskı kraj";0;0
"600";2020-03-30;"Prešovskı kraj";0;0
"601";2020-03-31;"Prešovskı kraj";0;0
"602";2020-04-01;"Prešovskı kraj";1;0
"603";2020-04-02;"Prešovskı kraj";0;0
"604";2020-04-03;"Prešovskı kraj";0;0
"605";2020-04-04;"Prešovskı kraj";0;0
"606";2020-04-05;"Prešovskı kraj";0;0
"607";2020-04-06;"Prešovskı kraj";0;0
"608";2020-04-07;"Prešovskı kraj";0;0
"609";2020-04-08;"Prešovskı kraj";0;0
"610";2020-04-09;"Prešovskı kraj";0;0
"611";2020-04-10;"Prešovskı kraj";0;0
"612";2020-04-11;"Prešovskı kraj";0;0
"613";2020-04-12;"Prešovskı kraj";0;0
"614";2020-04-13;"Prešovskı kraj";0;0
"615";2020-04-14;"Prešovskı kraj";0;0
"616";2020-04-15;"Prešovskı kraj";0;1
"617";2020-04-16;"Prešovskı kraj";1;0
"618";2020-04-17;"Prešovskı kraj";0;0
"619";2020-04-18;"Prešovskı kraj";0;0
"620";2020-04-19;"Prešovskı kraj";0;0
"621";2020-04-20;"Prešovskı kraj";0;1
"622";2020-04-21;"Prešovskı kraj";0;0
"623";2020-04-22;"Prešovskı kraj";0;0
"624";2020-04-23;"Prešovskı kraj";0;0
"625";2020-04-24;"Prešovskı kraj";0;0
"626";2020-04-25;"Prešovskı kraj";0;0
"627";2020-04-26;"Prešovskı kraj";0;0
"628";2020-04-27;"Prešovskı kraj";0;0
"629";2020-04-28;"Prešovskı kraj";0;0
"630";2020-04-29;"Prešovskı kraj";0;0
"631";2020-04-30;"Prešovskı kraj";0;0
"632";2020-05-01;"Prešovskı kraj";0;0
"633";2020-05-02;"Prešovskı kraj";0;0
"634";2020-05-03;"Prešovskı kraj";0;0
"635";2020-05-04;"Prešovskı kraj";0;0
"636";2020-05-05;"Prešovskı kraj";0;0
"637";2020-05-06;"Prešovskı kraj";0;0
"638";2020-05-07;"Prešovskı kraj";0;0
"639";2020-05-08;"Prešovskı kraj";0;0
"640";2020-05-09;"Prešovskı kraj";0;0
"641";2020-05-10;"Prešovskı kraj";0;0
"642";2020-05-11;"Prešovskı kraj";0;0
"643";2020-05-12;"Prešovskı kraj";0;0
"644";2020-05-13;"Prešovskı kraj";0;0
"645";2020-05-14;"Prešovskı kraj";0;0
"646";2020-05-15;"Prešovskı kraj";0;0
"647";2020-05-16;"Prešovskı kraj";0;0
"648";2020-05-17;"Prešovskı kraj";0;0
"649";2020-05-18;"Prešovskı kraj";0;0
"650";2020-05-19;"Prešovskı kraj";0;0
"651";2020-05-20;"Prešovskı kraj";0;0
"652";2020-05-21;"Prešovskı kraj";0;0
"653";2020-05-22;"Prešovskı kraj";0;0
"654";2020-05-23;"Prešovskı kraj";0;0
"655";2020-05-24;"Prešovskı kraj";0;0
"656";2020-05-25;"Prešovskı kraj";0;0
"657";2020-05-26;"Prešovskı kraj";0;0
"658";2020-05-27;"Prešovskı kraj";0;0
"659";2020-05-28;"Prešovskı kraj";0;0
"660";2020-05-29;"Prešovskı kraj";0;0
"661";2020-05-30;"Prešovskı kraj";0;0
"662";2020-05-31;"Prešovskı kraj";0;0
"663";2020-06-01;"Prešovskı kraj";0;0
"664";2020-06-02;"Prešovskı kraj";0;0
"665";2020-06-03;"Prešovskı kraj";0;0
"666";2020-06-04;"Prešovskı kraj";0;0
"667";2020-06-05;"Prešovskı kraj";0;0
"668";2020-06-06;"Prešovskı kraj";0;0
"669";2020-06-07;"Prešovskı kraj";0;0
"670";2020-06-08;"Prešovskı kraj";0;0
"671";2020-06-09;"Prešovskı kraj";0;0
"672";2020-06-10;"Prešovskı kraj";0;0
"673";2020-06-11;"Prešovskı kraj";0;0
"674";2020-06-12;"Prešovskı kraj";0;0
"675";2020-06-13;"Prešovskı kraj";0;0
"676";2020-06-14;"Prešovskı kraj";0;0
"677";2020-06-15;"Prešovskı kraj";0;0
"678";2020-06-16;"Prešovskı kraj";0;0
"679";2020-06-17;"Prešovskı kraj";0;0
"680";2020-06-18;"Prešovskı kraj";0;0
"681";2020-06-19;"Prešovskı kraj";0;0
"682";2020-06-20;"Prešovskı kraj";0;0
"683";2020-06-21;"Prešovskı kraj";0;0
"684";2020-06-22;"Prešovskı kraj";0;0
"685";2020-06-23;"Prešovskı kraj";0;0
"686";2020-06-24;"Prešovskı kraj";0;0
"687";2020-06-25;"Prešovskı kraj";0;0
"688";2020-06-26;"Prešovskı kraj";0;0
"689";2020-06-27;"Prešovskı kraj";0;0
"690";2020-06-28;"Prešovskı kraj";0;0
"691";2020-06-29;"Prešovskı kraj";0;0
"692";2020-06-30;"Prešovskı kraj";0;0
"693";2020-07-01;"Prešovskı kraj";0;0
"694";2020-07-02;"Prešovskı kraj";0;0
"695";2020-07-03;"Prešovskı kraj";0;0
"696";2020-07-04;"Prešovskı kraj";0;0
"697";2020-07-05;"Prešovskı kraj";0;0
"698";2020-07-06;"Prešovskı kraj";0;0
"699";2020-07-07;"Prešovskı kraj";0;0
"700";2020-07-08;"Prešovskı kraj";0;0
"701";2020-07-09;"Prešovskı kraj";0;0
"702";2020-07-10;"Prešovskı kraj";0;0
"703";2020-07-11;"Prešovskı kraj";0;0
"704";2020-07-12;"Prešovskı kraj";0;0
"705";2020-07-13;"Prešovskı kraj";0;0
"706";2020-07-14;"Prešovskı kraj";0;0
"707";2020-07-15;"Prešovskı kraj";0;0
"708";2020-07-16;"Prešovskı kraj";0;0
"709";2020-07-17;"Prešovskı kraj";0;0
"710";2020-07-18;"Prešovskı kraj";0;0
"711";2020-07-19;"Prešovskı kraj";0;0
"712";2020-07-20;"Prešovskı kraj";0;0
"713";2020-07-21;"Prešovskı kraj";0;0
"714";2020-07-22;"Prešovskı kraj";0;0
"715";2020-07-23;"Prešovskı kraj";0;0
"716";2020-07-24;"Prešovskı kraj";0;0
"717";2020-07-25;"Prešovskı kraj";0;0
"718";2020-07-26;"Prešovskı kraj";0;0
"719";2020-07-27;"Prešovskı kraj";0;0
"720";2020-07-28;"Prešovskı kraj";0;0
"721";2020-07-29;"Prešovskı kraj";0;0
"722";2020-07-30;"Prešovskı kraj";0;0
"723";2020-07-31;"Prešovskı kraj";0;0
"724";2020-08-01;"Prešovskı kraj";0;0
"725";2020-08-02;"Prešovskı kraj";0;0
"726";2020-08-03;"Prešovskı kraj";0;0
"727";2020-08-04;"Prešovskı kraj";0;0
"728";2020-08-05;"Prešovskı kraj";0;0
"729";2020-08-06;"Prešovskı kraj";0;0
"730";2020-08-07;"Prešovskı kraj";0;0
"731";2020-08-08;"Prešovskı kraj";0;0
"732";2020-08-09;"Prešovskı kraj";0;0
"733";2020-08-10;"Prešovskı kraj";0;0
"734";2020-08-11;"Prešovskı kraj";0;0
"735";2020-08-12;"Prešovskı kraj";0;0
"736";2020-08-13;"Prešovskı kraj";0;0
"737";2020-08-14;"Prešovskı kraj";0;0
"738";2020-08-15;"Prešovskı kraj";0;0
"739";2020-08-16;"Prešovskı kraj";0;0
"740";2020-08-17;"Prešovskı kraj";0;0
"741";2020-08-18;"Prešovskı kraj";0;0
"742";2020-08-19;"Prešovskı kraj";1;0
"743";2020-08-20;"Prešovskı kraj";0;0
"744";2020-08-21;"Prešovskı kraj";0;0
"745";2020-08-22;"Prešovskı kraj";0;0
"746";2020-08-23;"Prešovskı kraj";0;0
"747";2020-08-24;"Prešovskı kraj";0;0
"748";2020-08-25;"Prešovskı kraj";0;0
"749";2020-08-26;"Prešovskı kraj";0;0
"750";2020-08-27;"Prešovskı kraj";1;0
"751";2020-08-28;"Prešovskı kraj";0;0
"752";2020-08-29;"Prešovskı kraj";0;0
"753";2020-08-30;"Prešovskı kraj";0;0
"754";2020-08-31;"Prešovskı kraj";0;0
"755";2020-09-01;"Prešovskı kraj";0;0
"756";2020-09-02;"Prešovskı kraj";0;0
"757";2020-09-03;"Prešovskı kraj";0;0
"758";2020-09-04;"Prešovskı kraj";0;0
"759";2020-09-05;"Prešovskı kraj";0;0
"760";2020-09-06;"Prešovskı kraj";0;0
"761";2020-09-07;"Prešovskı kraj";0;0
"762";2020-09-08;"Prešovskı kraj";0;0
"763";2020-09-09;"Prešovskı kraj";0;1
"764";2020-09-10;"Prešovskı kraj";0;0
"765";2020-09-11;"Prešovskı kraj";1;0
"766";2020-09-12;"Prešovskı kraj";0;0
"767";2020-09-13;"Prešovskı kraj";0;0
"768";2020-09-14;"Prešovskı kraj";0;0
"769";2020-09-15;"Prešovskı kraj";1;1
"770";2020-09-16;"Prešovskı kraj";0;0
"771";2020-09-17;"Prešovskı kraj";0;0
"772";2020-09-18;"Prešovskı kraj";0;0
"773";2020-09-19;"Prešovskı kraj";1;0
"774";2020-09-20;"Prešovskı kraj";1;1
"775";2020-09-21;"Prešovskı kraj";1;0
"776";2020-09-22;"Prešovskı kraj";0;0
"777";2020-09-23;"Prešovskı kraj";0;1
"778";2020-09-24;"Prešovskı kraj";1;0
"779";2020-09-25;"Prešovskı kraj";0;0
"780";2020-09-26;"Prešovskı kraj";0;0
"781";2020-09-27;"Prešovskı kraj";1;0
"782";2020-09-28;"Prešovskı kraj";0;0
"783";2020-09-29;"Prešovskı kraj";1;0
"784";2020-09-30;"Prešovskı kraj";2;0
"785";2020-10-01;"Prešovskı kraj";1;0
"786";2020-10-02;"Prešovskı kraj";2;0
"787";2020-10-03;"Prešovskı kraj";0;1
"788";2020-10-04;"Prešovskı kraj";1;0
"789";2020-10-05;"Prešovskı kraj";1;0
"790";2020-10-06;"Prešovskı kraj";2;2
"791";2020-10-07;"Prešovskı kraj";2;0
"792";2020-10-08;"Prešovskı kraj";0;1
"793";2020-10-09;"Prešovskı kraj";1;3
"794";2020-10-10;"Prešovskı kraj";2;0
"795";2020-10-11;"Prešovskı kraj";2;0
"796";2020-10-12;"Prešovskı kraj";1;0
"797";2020-10-13;"Prešovskı kraj";0;0
"798";2020-10-14;"Prešovskı kraj";5;0
"799";2020-10-15;"Prešovskı kraj";0;0
"800";2020-10-16;"Prešovskı kraj";3;4
"801";2020-10-17;"Prešovskı kraj";5;1
"802";2020-10-18;"Prešovskı kraj";1;0
"803";2020-10-19;"Prešovskı kraj";0;2
"804";2020-10-20;"Prešovskı kraj";5;2
"805";2020-10-21;"Prešovskı kraj";4;4
"806";2020-10-22;"Prešovskı kraj";0;3
"807";2020-10-23;"Prešovskı kraj";3;1
"808";2020-10-24;"Prešovskı kraj";4;0
"809";2020-10-25;"Prešovskı kraj";3;0
"810";2020-10-26;"Prešovskı kraj";1;2
"811";2020-10-27;"Prešovskı kraj";6;2
"812";2020-10-28;"Prešovskı kraj";5;0
"813";2020-10-29;"Prešovskı kraj";3;4
"814";2020-10-30;"Prešovskı kraj";2;2
"815";2020-10-31;"Prešovskı kraj";3;1
"816";2020-11-01;"Prešovskı kraj";2;2
"817";2020-11-02;"Prešovskı kraj";5;1
"818";2020-11-03;"Prešovskı kraj";3;2
"819";2020-11-04;"Prešovskı kraj";0;4
"820";2020-11-05;"Prešovskı kraj";4;3
"821";2020-11-06;"Prešovskı kraj";1;1
"822";2020-11-07;"Prešovskı kraj";3;1
"823";2020-11-08;"Prešovskı kraj";0;1
"824";2020-11-09;"Prešovskı kraj";2;4
"825";2020-11-10;"Prešovskı kraj";3;1
"826";2020-11-11;"Prešovskı kraj";2;5
"827";2020-11-12;"Prešovskı kraj";2;4
"828";2020-11-13;"Prešovskı kraj";5;2
"829";2020-11-14;"Prešovskı kraj";5;1
"830";2020-11-15;"Prešovskı kraj";2;4
"831";2020-11-16;"Prešovskı kraj";2;2
"832";2020-11-17;"Prešovskı kraj";3;2
"833";2020-11-18;"Prešovskı kraj";2;2
"834";2020-11-19;"Prešovskı kraj";5;6
"835";2020-11-20;"Prešovskı kraj";2;4
"836";2020-11-21;"Prešovskı kraj";0;1
"837";2020-11-22;"Prešovskı kraj";1;0
"838";2020-11-23;"Prešovskı kraj";2;2
"839";2020-11-24;"Prešovskı kraj";2;1
"840";2020-11-25;"Prešovskı kraj";5;2
"841";2020-11-26;"Prešovskı kraj";4;1
"842";2020-11-27;"Prešovskı kraj";3;6
"843";2020-11-28;"Prešovskı kraj";2;1
"844";2020-11-29;"Prešovskı kraj";2;3
"845";2020-11-30;"Prešovskı kraj";2;5
"846";2020-12-01;"Prešovskı kraj";4;0
"847";2020-12-02;"Prešovskı kraj";3;1
"848";2020-12-03;"Prešovskı kraj";3;1
"849";2020-12-04;"Prešovskı kraj";1;4
"850";2020-12-05;"Prešovskı kraj";0;3
"851";2020-12-06;"Prešovskı kraj";3;1
"852";2020-12-07;"Prešovskı kraj";1;4
"853";2020-12-08;"Prešovskı kraj";4;3
"854";2020-12-09;"Prešovskı kraj";5;5
"855";2020-12-10;"Prešovskı kraj";2;5
"856";2020-12-11;"Prešovskı kraj";2;2
"857";2020-12-12;"Prešovskı kraj";3;1
"858";2020-12-13;"Prešovskı kraj";2;1
"859";2020-12-14;"Prešovskı kraj";1;4
"860";2020-12-15;"Prešovskı kraj";2;1
"861";2020-12-16;"Prešovskı kraj";4;2
"862";2020-12-17;"Prešovskı kraj";6;1
"863";2020-12-18;"Prešovskı kraj";2;6
"864";2020-12-19;"Prešovskı kraj";3;1
"865";2020-12-20;"Prešovskı kraj";1;2
"866";2020-12-21;"Prešovskı kraj";2;4
"867";2020-12-22;"Prešovskı kraj";2;5
"868";2020-12-23;"Prešovskı kraj";5;5
"869";2020-12-24;"Prešovskı kraj";4;2
"870";2020-12-25;"Prešovskı kraj";4;3
"871";2020-12-26;"Prešovskı kraj";4;1
"872";2020-12-27;"Prešovskı kraj";3;5
"873";2020-12-28;"Prešovskı kraj";1;5
"874";2020-12-29;"Prešovskı kraj";1;3
"875";2020-12-30;"Prešovskı kraj";2;7
"876";2020-12-31;"Prešovskı kraj";0;3
"877";2021-01-01;"Prešovskı kraj";0;1
"878";2021-01-02;"Prešovskı kraj";1;1
"879";2021-01-03;"Prešovskı kraj";0;1
"880";2020-03-17;"Trenèiansky kraj";0;0
"881";2020-03-18;"Trenèiansky kraj";0;0
"882";2020-03-19;"Trenèiansky kraj";0;0
"883";2020-03-20;"Trenèiansky kraj";0;0
"884";2020-03-21;"Trenèiansky kraj";0;0
"885";2020-03-22;"Trenèiansky kraj";0;0
"886";2020-03-23;"Trenèiansky kraj";0;0
"887";2020-03-24;"Trenèiansky kraj";0;0
"888";2020-03-25;"Trenèiansky kraj";0;0
"889";2020-03-26;"Trenèiansky kraj";0;0
"890";2020-03-27;"Trenèiansky kraj";0;0
"891";2020-03-28;"Trenèiansky kraj";0;0
"892";2020-03-29;"Trenèiansky kraj";0;0
"893";2020-03-30;"Trenèiansky kraj";0;0
"894";2020-03-31;"Trenèiansky kraj";0;0
"895";2020-04-01;"Trenèiansky kraj";0;0
"896";2020-04-02;"Trenèiansky kraj";0;0
"897";2020-04-03;"Trenèiansky kraj";1;0
"898";2020-04-04;"Trenèiansky kraj";0;0
"899";2020-04-05;"Trenèiansky kraj";0;0
"900";2020-04-06;"Trenèiansky kraj";0;0
"901";2020-04-07;"Trenèiansky kraj";0;0
"902";2020-04-08;"Trenèiansky kraj";0;0
"903";2020-04-09;"Trenèiansky kraj";0;0
"904";2020-04-10;"Trenèiansky kraj";0;0
"905";2020-04-11;"Trenèiansky kraj";0;0
"906";2020-04-12;"Trenèiansky kraj";0;0
"907";2020-04-13;"Trenèiansky kraj";0;0
"908";2020-04-14;"Trenèiansky kraj";0;0
"909";2020-04-15;"Trenèiansky kraj";0;0
"910";2020-04-16;"Trenèiansky kraj";0;0
"911";2020-04-17;"Trenèiansky kraj";0;0
"912";2020-04-18;"Trenèiansky kraj";0;0
"913";2020-04-19;"Trenèiansky kraj";0;0
"914";2020-04-20;"Trenèiansky kraj";0;0
"915";2020-04-21;"Trenèiansky kraj";1;0
"916";2020-04-22;"Trenèiansky kraj";0;0
"917";2020-04-23;"Trenèiansky kraj";0;0
"918";2020-04-24;"Trenèiansky kraj";0;1
"919";2020-04-25;"Trenèiansky kraj";0;0
"920";2020-04-26;"Trenèiansky kraj";0;0
"921";2020-04-27;"Trenèiansky kraj";0;0
"922";2020-04-28;"Trenèiansky kraj";0;0
"923";2020-04-29;"Trenèiansky kraj";0;0
"924";2020-04-30;"Trenèiansky kraj";0;0
"925";2020-05-01;"Trenèiansky kraj";0;0
"926";2020-05-02;"Trenèiansky kraj";0;0
"927";2020-05-03;"Trenèiansky kraj";0;0
"928";2020-05-04;"Trenèiansky kraj";0;0
"929";2020-05-05;"Trenèiansky kraj";0;0
"930";2020-05-06;"Trenèiansky kraj";0;0
"931";2020-05-07;"Trenèiansky kraj";0;0
"932";2020-05-08;"Trenèiansky kraj";0;0
"933";2020-05-09;"Trenèiansky kraj";0;0
"934";2020-05-10;"Trenèiansky kraj";0;0
"935";2020-05-11;"Trenèiansky kraj";0;0
"936";2020-05-12;"Trenèiansky kraj";0;0
"937";2020-05-13;"Trenèiansky kraj";0;1
"938";2020-05-14;"Trenèiansky kraj";0;0
"939";2020-05-15;"Trenèiansky kraj";0;0
"940";2020-05-16;"Trenèiansky kraj";0;0
"941";2020-05-17;"Trenèiansky kraj";0;0
"942";2020-05-18;"Trenèiansky kraj";0;0
"943";2020-05-19;"Trenèiansky kraj";0;0
"944";2020-05-20;"Trenèiansky kraj";0;0
"945";2020-05-21;"Trenèiansky kraj";0;0
"946";2020-05-22;"Trenèiansky kraj";0;0
"947";2020-05-23;"Trenèiansky kraj";0;0
"948";2020-05-24;"Trenèiansky kraj";0;0
"949";2020-05-25;"Trenèiansky kraj";0;0
"950";2020-05-26;"Trenèiansky kraj";0;0
"951";2020-05-27;"Trenèiansky kraj";0;0
"952";2020-05-28;"Trenèiansky kraj";0;0
"953";2020-05-29;"Trenèiansky kraj";0;0
"954";2020-05-30;"Trenèiansky kraj";0;0
"955";2020-05-31;"Trenèiansky kraj";0;0
"956";2020-06-01;"Trenèiansky kraj";0;0
"957";2020-06-02;"Trenèiansky kraj";0;0
"958";2020-06-03;"Trenèiansky kraj";0;0
"959";2020-06-04;"Trenèiansky kraj";0;0
"960";2020-06-05;"Trenèiansky kraj";0;0
"961";2020-06-06;"Trenèiansky kraj";0;0
"962";2020-06-07;"Trenèiansky kraj";0;0
"963";2020-06-08;"Trenèiansky kraj";0;0
"964";2020-06-09;"Trenèiansky kraj";0;0
"965";2020-06-10;"Trenèiansky kraj";0;0
"966";2020-06-11;"Trenèiansky kraj";0;0
"967";2020-06-12;"Trenèiansky kraj";0;0
"968";2020-06-13;"Trenèiansky kraj";0;0
"969";2020-06-14;"Trenèiansky kraj";0;0
"970";2020-06-15;"Trenèiansky kraj";0;0
"971";2020-06-16;"Trenèiansky kraj";0;0
"972";2020-06-17;"Trenèiansky kraj";0;0
"973";2020-06-18;"Trenèiansky kraj";0;0
"974";2020-06-19;"Trenèiansky kraj";0;0
"975";2020-06-20;"Trenèiansky kraj";0;0
"976";2020-06-21;"Trenèiansky kraj";0;0
"977";2020-06-22;"Trenèiansky kraj";0;0
"978";2020-06-23;"Trenèiansky kraj";0;0
"979";2020-06-24;"Trenèiansky kraj";0;0
"980";2020-06-25;"Trenèiansky kraj";0;0
"981";2020-06-26;"Trenèiansky kraj";1;0
"982";2020-06-27;"Trenèiansky kraj";0;0
"983";2020-06-28;"Trenèiansky kraj";0;0
"984";2020-06-29;"Trenèiansky kraj";0;0
"985";2020-06-30;"Trenèiansky kraj";0;0
"986";2020-07-01;"Trenèiansky kraj";0;0
"987";2020-07-02;"Trenèiansky kraj";0;0
"988";2020-07-03;"Trenèiansky kraj";0;0
"989";2020-07-04;"Trenèiansky kraj";0;0
"990";2020-07-05;"Trenèiansky kraj";0;0
"991";2020-07-06;"Trenèiansky kraj";0;0
"992";2020-07-07;"Trenèiansky kraj";0;0
"993";2020-07-08;"Trenèiansky kraj";0;0
"994";2020-07-09;"Trenèiansky kraj";0;0
"995";2020-07-10;"Trenèiansky kraj";0;0
"996";2020-07-11;"Trenèiansky kraj";0;0
"997";2020-07-12;"Trenèiansky kraj";0;0
"998";2020-07-13;"Trenèiansky kraj";0;0
"999";2020-07-14;"Trenèiansky kraj";0;0
"1000";2020-07-15;"Trenèiansky kraj";0;0
"1001";2020-07-16;"Trenèiansky kraj";0;0
"1002";2020-07-17;"Trenèiansky kraj";0;0
"1003";2020-07-18;"Trenèiansky kraj";0;0
"1004";2020-07-19;"Trenèiansky kraj";0;0
"1005";2020-07-20;"Trenèiansky kraj";0;0
"1006";2020-07-21;"Trenèiansky kraj";0;0
"1007";2020-07-22;"Trenèiansky kraj";0;0
"1008";2020-07-23;"Trenèiansky kraj";0;0
"1009";2020-07-24;"Trenèiansky kraj";0;0
"1010";2020-07-25;"Trenèiansky kraj";0;0
"1011";2020-07-26;"Trenèiansky kraj";0;0
"1012";2020-07-27;"Trenèiansky kraj";0;0
"1013";2020-07-28;"Trenèiansky kraj";0;0
"1014";2020-07-29;"Trenèiansky kraj";0;0
"1015";2020-07-30;"Trenèiansky kraj";0;0
"1016";2020-07-31;"Trenèiansky kraj";0;0
"1017";2020-08-01;"Trenèiansky kraj";0;0
"1018";2020-08-02;"Trenèiansky kraj";0;0
"1019";2020-08-03;"Trenèiansky kraj";0;1
"1020";2020-08-04;"Trenèiansky kraj";0;0
"1021";2020-08-05;"Trenèiansky kraj";0;0
"1022";2020-08-06;"Trenèiansky kraj";0;0
"1023";2020-08-07;"Trenèiansky kraj";0;0
"1024";2020-08-08;"Trenèiansky kraj";0;0
"1025";2020-08-09;"Trenèiansky kraj";0;0
"1026";2020-08-10;"Trenèiansky kraj";0;0
"1027";2020-08-11;"Trenèiansky kraj";0;0
"1028";2020-08-12;"Trenèiansky kraj";0;0
"1029";2020-08-13;"Trenèiansky kraj";0;0
"1030";2020-08-14;"Trenèiansky kraj";0;0
"1031";2020-08-15;"Trenèiansky kraj";0;0
"1032";2020-08-16;"Trenèiansky kraj";0;0
"1033";2020-08-17;"Trenèiansky kraj";0;0
"1034";2020-08-18;"Trenèiansky kraj";0;0
"1035";2020-08-19;"Trenèiansky kraj";0;0
"1036";2020-08-20;"Trenèiansky kraj";0;0
"1037";2020-08-21;"Trenèiansky kraj";0;0
"1038";2020-08-22;"Trenèiansky kraj";0;0
"1039";2020-08-23;"Trenèiansky kraj";0;0
"1040";2020-08-24;"Trenèiansky kraj";0;0
"1041";2020-08-25;"Trenèiansky kraj";0;0
"1042";2020-08-26;"Trenèiansky kraj";0;0
"1043";2020-08-27;"Trenèiansky kraj";0;0
"1044";2020-08-28;"Trenèiansky kraj";0;0
"1045";2020-08-29;"Trenèiansky kraj";0;0
"1046";2020-08-30;"Trenèiansky kraj";0;0
"1047";2020-08-31;"Trenèiansky kraj";0;0
"1048";2020-09-01;"Trenèiansky kraj";0;0
"1049";2020-09-02;"Trenèiansky kraj";1;0
"1050";2020-09-03;"Trenèiansky kraj";0;0
"1051";2020-09-04;"Trenèiansky kraj";0;0
"1052";2020-09-05;"Trenèiansky kraj";0;0
"1053";2020-09-06;"Trenèiansky kraj";0;0
"1054";2020-09-07;"Trenèiansky kraj";0;0
"1055";2020-09-08;"Trenèiansky kraj";0;0
"1056";2020-09-09;"Trenèiansky kraj";0;0
"1057";2020-09-10;"Trenèiansky kraj";1;0
"1058";2020-09-11;"Trenèiansky kraj";0;0
"1059";2020-09-12;"Trenèiansky kraj";0;0
"1060";2020-09-13;"Trenèiansky kraj";0;0
"1061";2020-09-14;"Trenèiansky kraj";0;0
"1062";2020-09-15;"Trenèiansky kraj";0;0
"1063";2020-09-16;"Trenèiansky kraj";1;0
"1064";2020-09-17;"Trenèiansky kraj";0;0
"1065";2020-09-18;"Trenèiansky kraj";0;1
"1066";2020-09-19;"Trenèiansky kraj";0;1
"1067";2020-09-20;"Trenèiansky kraj";0;0
"1068";2020-09-21;"Trenèiansky kraj";0;0
"1069";2020-09-22;"Trenèiansky kraj";0;0
"1070";2020-09-23;"Trenèiansky kraj";0;0
"1071";2020-09-24;"Trenèiansky kraj";1;0
"1072";2020-09-25;"Trenèiansky kraj";0;1
"1073";2020-09-26;"Trenèiansky kraj";0;0
"1074";2020-09-27;"Trenèiansky kraj";0;0
"1075";2020-09-28;"Trenèiansky kraj";0;0
"1076";2020-09-29;"Trenèiansky kraj";0;0
"1077";2020-09-30;"Trenèiansky kraj";0;0
"1078";2020-10-01;"Trenèiansky kraj";0;0
"1079";2020-10-02;"Trenèiansky kraj";0;0
"1080";2020-10-03;"Trenèiansky kraj";0;0
"1081";2020-10-04;"Trenèiansky kraj";0;0
"1082";2020-10-05;"Trenèiansky kraj";0;0
"1083";2020-10-06;"Trenèiansky kraj";0;0
"1084";2020-10-07;"Trenèiansky kraj";1;1
"1085";2020-10-08;"Trenèiansky kraj";0;0
"1086";2020-10-09;"Trenèiansky kraj";1;0
"1087";2020-10-10;"Trenèiansky kraj";1;0
"1088";2020-10-11;"Trenèiansky kraj";0;0
"1089";2020-10-12;"Trenèiansky kraj";2;0
"1090";2020-10-13;"Trenèiansky kraj";2;0
"1091";2020-10-14;"Trenèiansky kraj";0;0
"1092";2020-10-15;"Trenèiansky kraj";2;0
"1093";2020-10-16;"Trenèiansky kraj";1;0
"1094";2020-10-17;"Trenèiansky kraj";1;0
"1095";2020-10-18;"Trenèiansky kraj";0;0
"1096";2020-10-19;"Trenèiansky kraj";0;1
"1097";2020-10-20;"Trenèiansky kraj";3;1
"1098";2020-10-21;"Trenèiansky kraj";1;1
"1099";2020-10-22;"Trenèiansky kraj";0;0
"1100";2020-10-23;"Trenèiansky kraj";1;1
"1101";2020-10-24;"Trenèiansky kraj";4;1
"1102";2020-10-25;"Trenèiansky kraj";1;0
"1103";2020-10-26;"Trenèiansky kraj";4;2
"1104";2020-10-27;"Trenèiansky kraj";0;1
"1105";2020-10-28;"Trenèiansky kraj";3;1
"1106";2020-10-29;"Trenèiansky kraj";1;0
"1107";2020-10-30;"Trenèiansky kraj";0;0
"1108";2020-10-31;"Trenèiansky kraj";0;2
"1109";2020-11-01;"Trenèiansky kraj";1;2
"1110";2020-11-02;"Trenèiansky kraj";2;2
"1111";2020-11-03;"Trenèiansky kraj";5;0
"1112";2020-11-04;"Trenèiansky kraj";2;0
"1113";2020-11-05;"Trenèiansky kraj";5;4
"1114";2020-11-06;"Trenèiansky kraj";1;2
"1115";2020-11-07;"Trenèiansky kraj";2;0
"1116";2020-11-08;"Trenèiansky kraj";2;1
"1117";2020-11-09;"Trenèiansky kraj";0;1
"1118";2020-11-10;"Trenèiansky kraj";0;1
"1119";2020-11-11;"Trenèiansky kraj";0;2
"1120";2020-11-12;"Trenèiansky kraj";0;0
"1121";2020-11-13;"Trenèiansky kraj";0;4
"1122";2020-11-14;"Trenèiansky kraj";2;0
"1123";2020-11-15;"Trenèiansky kraj";2;0
"1124";2020-11-16;"Trenèiansky kraj";3;3
"1125";2020-11-17;"Trenèiansky kraj";1;1
"1126";2020-11-18;"Trenèiansky kraj";1;2
"1127";2020-11-19;"Trenèiansky kraj";0;0
"1128";2020-11-20;"Trenèiansky kraj";1;2
"1129";2020-11-21;"Trenèiansky kraj";0;1
"1130";2020-11-22;"Trenèiansky kraj";4;2
"1131";2020-11-23;"Trenèiansky kraj";3;2
"1132";2020-11-24;"Trenèiansky kraj";3;4
"1133";2020-11-25;"Trenèiansky kraj";2;2
"1134";2020-11-26;"Trenèiansky kraj";1;2
"1135";2020-11-27;"Trenèiansky kraj";1;0
"1136";2020-11-28;"Trenèiansky kraj";3;0
"1137";2020-11-29;"Trenèiansky kraj";1;2
"1138";2020-11-30;"Trenèiansky kraj";2;0
"1139";2020-12-01;"Trenèiansky kraj";2;0
"1140";2020-12-02;"Trenèiansky kraj";0;0
"1141";2020-12-03;"Trenèiansky kraj";2;4
"1142";2020-12-04;"Trenèiansky kraj";1;1
"1143";2020-12-05;"Trenèiansky kraj";0;1
"1144";2020-12-06;"Trenèiansky kraj";0;2
"1145";2020-12-07;"Trenèiansky kraj";1;2
"1146";2020-12-08;"Trenèiansky kraj";3;1
"1147";2020-12-09;"Trenèiansky kraj";3;1
"1148";2020-12-10;"Trenèiansky kraj";0;3
"1149";2020-12-11;"Trenèiansky kraj";1;1
"1150";2020-12-12;"Trenèiansky kraj";4;2
"1151";2020-12-13;"Trenèiansky kraj";0;1
"1152";2020-12-14;"Trenèiansky kraj";0;1
"1153";2020-12-15;"Trenèiansky kraj";3;3
"1154";2020-12-16;"Trenèiansky kraj";5;6
"1155";2020-12-17;"Trenèiansky kraj";0;3
"1156";2020-12-18;"Trenèiansky kraj";2;2
"1157";2020-12-19;"Trenèiansky kraj";3;1
"1158";2020-12-20;"Trenèiansky kraj";1;0
"1159";2020-12-21;"Trenèiansky kraj";1;3
"1160";2020-12-22;"Trenèiansky kraj";4;6
"1161";2020-12-23;"Trenèiansky kraj";4;2
"1162";2020-12-24;"Trenèiansky kraj";2;2
"1163";2020-12-25;"Trenèiansky kraj";1;4
"1164";2020-12-26;"Trenèiansky kraj";1;2
"1165";2020-12-27;"Trenèiansky kraj";3;1
"1166";2020-12-28;"Trenèiansky kraj";3;2
"1167";2020-12-29;"Trenèiansky kraj";4;4
"1168";2020-12-30;"Trenèiansky kraj";0;4
"1169";2020-12-31;"Trenèiansky kraj";1;1
"1170";2021-01-01;"Trenèiansky kraj";1;2
"1171";2021-01-02;"Trenèiansky kraj";0;0
"1172";2021-01-03;"Trenèiansky kraj";0;0
"1173";2020-03-17;"Trnavskı kraj";0;0
"1174";2020-03-18;"Trnavskı kraj";0;0
"1175";2020-03-19;"Trnavskı kraj";0;0
"1176";2020-03-20;"Trnavskı kraj";0;0
"1177";2020-03-21;"Trnavskı kraj";0;0
"1178";2020-03-22;"Trnavskı kraj";0;0
"1179";2020-03-23;"Trnavskı kraj";0;0
"1180";2020-03-24;"Trnavskı kraj";0;0
"1181";2020-03-25;"Trnavskı kraj";0;0
"1182";2020-03-26;"Trnavskı kraj";0;0
"1183";2020-03-27;"Trnavskı kraj";0;0
"1184";2020-03-28;"Trnavskı kraj";0;0
"1185";2020-03-29;"Trnavskı kraj";0;0
"1186";2020-03-30;"Trnavskı kraj";0;0
"1187";2020-03-31;"Trnavskı kraj";0;0
"1188";2020-04-01;"Trnavskı kraj";0;0
"1189";2020-04-02;"Trnavskı kraj";0;0
"1190";2020-04-03;"Trnavskı kraj";0;0
"1191";2020-04-04;"Trnavskı kraj";0;0
"1192";2020-04-05;"Trnavskı kraj";0;0
"1193";2020-04-06;"Trnavskı kraj";1;0
"1194";2020-04-07;"Trnavskı kraj";0;0
"1195";2020-04-08;"Trnavskı kraj";0;0
"1196";2020-04-09;"Trnavskı kraj";0;0
"1197";2020-04-10;"Trnavskı kraj";0;0
"1198";2020-04-11;"Trnavskı kraj";0;0
"1199";2020-04-12;"Trnavskı kraj";0;0
"1200";2020-04-13;"Trnavskı kraj";0;0
"1201";2020-04-14;"Trnavskı kraj";0;1
"1202";2020-04-15;"Trnavskı kraj";0;0
"1203";2020-04-16;"Trnavskı kraj";0;0
"1204";2020-04-17;"Trnavskı kraj";0;0
"1205";2020-04-18;"Trnavskı kraj";0;0
"1206";2020-04-19;"Trnavskı kraj";0;0
"1207";2020-04-20;"Trnavskı kraj";0;0
"1208";2020-04-21;"Trnavskı kraj";0;0
"1209";2020-04-22;"Trnavskı kraj";1;0
"1210";2020-04-23;"Trnavskı kraj";0;0
"1211";2020-04-24;"Trnavskı kraj";0;1
"1212";2020-04-25;"Trnavskı kraj";0;0
"1213";2020-04-26;"Trnavskı kraj";0;0
"1214";2020-04-27;"Trnavskı kraj";0;0
"1215";2020-04-28;"Trnavskı kraj";0;0
"1216";2020-04-29;"Trnavskı kraj";0;0
"1217";2020-04-30;"Trnavskı kraj";0;0
"1218";2020-05-01;"Trnavskı kraj";0;0
"1219";2020-05-02;"Trnavskı kraj";0;0
"1220";2020-05-03;"Trnavskı kraj";0;0
"1221";2020-05-04;"Trnavskı kraj";0;0
"1222";2020-05-05;"Trnavskı kraj";0;0
"1223";2020-05-06;"Trnavskı kraj";0;0
"1224";2020-05-07;"Trnavskı kraj";0;0
"1225";2020-05-08;"Trnavskı kraj";0;0
"1226";2020-05-09;"Trnavskı kraj";0;0
"1227";2020-05-10;"Trnavskı kraj";0;0
"1228";2020-05-11;"Trnavskı kraj";0;0
"1229";2020-05-12;"Trnavskı kraj";0;0
"1230";2020-05-13;"Trnavskı kraj";0;0
"1231";2020-05-14;"Trnavskı kraj";0;0
"1232";2020-05-15;"Trnavskı kraj";0;0
"1233";2020-05-16;"Trnavskı kraj";0;0
"1234";2020-05-17;"Trnavskı kraj";0;0
"1235";2020-05-18;"Trnavskı kraj";0;0
"1236";2020-05-19;"Trnavskı kraj";0;0
"1237";2020-05-20;"Trnavskı kraj";0;0
"1238";2020-05-21;"Trnavskı kraj";0;0
"1239";2020-05-22;"Trnavskı kraj";0;0
"1240";2020-05-23;"Trnavskı kraj";0;0
"1241";2020-05-24;"Trnavskı kraj";0;0
"1242";2020-05-25;"Trnavskı kraj";0;0
"1243";2020-05-26;"Trnavskı kraj";0;0
"1244";2020-05-27;"Trnavskı kraj";0;0
"1245";2020-05-28;"Trnavskı kraj";0;0
"1246";2020-05-29;"Trnavskı kraj";0;0
"1247";2020-05-30;"Trnavskı kraj";0;0
"1248";2020-05-31;"Trnavskı kraj";0;0
"1249";2020-06-01;"Trnavskı kraj";0;0
"1250";2020-06-02;"Trnavskı kraj";0;0
"1251";2020-06-03;"Trnavskı kraj";0;0
"1252";2020-06-04;"Trnavskı kraj";0;0
"1253";2020-06-05;"Trnavskı kraj";0;0
"1254";2020-06-06;"Trnavskı kraj";0;0
"1255";2020-06-07;"Trnavskı kraj";0;0
"1256";2020-06-08;"Trnavskı kraj";0;0
"1257";2020-06-09;"Trnavskı kraj";0;0
"1258";2020-06-10;"Trnavskı kraj";0;0
"1259";2020-06-11;"Trnavskı kraj";0;0
"1260";2020-06-12;"Trnavskı kraj";0;0
"1261";2020-06-13;"Trnavskı kraj";0;0
"1262";2020-06-14;"Trnavskı kraj";0;0
"1263";2020-06-15;"Trnavskı kraj";0;0
"1264";2020-06-16;"Trnavskı kraj";0;0
"1265";2020-06-17;"Trnavskı kraj";0;0
"1266";2020-06-18;"Trnavskı kraj";0;0
"1267";2020-06-19;"Trnavskı kraj";0;0
"1268";2020-06-20;"Trnavskı kraj";0;0
"1269";2020-06-21;"Trnavskı kraj";0;0
"1270";2020-06-22;"Trnavskı kraj";0;0
"1271";2020-06-23;"Trnavskı kraj";0;0
"1272";2020-06-24;"Trnavskı kraj";0;0
"1273";2020-06-25;"Trnavskı kraj";0;0
"1274";2020-06-26;"Trnavskı kraj";0;0
"1275";2020-06-27;"Trnavskı kraj";0;0
"1276";2020-06-28;"Trnavskı kraj";0;0
"1277";2020-06-29;"Trnavskı kraj";0;0
"1278";2020-06-30;"Trnavskı kraj";0;0
"1279";2020-07-01;"Trnavskı kraj";0;0
"1280";2020-07-02;"Trnavskı kraj";0;0
"1281";2020-07-03;"Trnavskı kraj";0;0
"1282";2020-07-04;"Trnavskı kraj";0;0
"1283";2020-07-05;"Trnavskı kraj";0;0
"1284";2020-07-06;"Trnavskı kraj";0;0
"1285";2020-07-07;"Trnavskı kraj";0;0
"1286";2020-07-08;"Trnavskı kraj";0;0
"1287";2020-07-09;"Trnavskı kraj";0;0
"1288";2020-07-10;"Trnavskı kraj";0;0
"1289";2020-07-11;"Trnavskı kraj";0;0
"1290";2020-07-12;"Trnavskı kraj";0;0
"1291";2020-07-13;"Trnavskı kraj";0;0
"1292";2020-07-14;"Trnavskı kraj";0;0
"1293";2020-07-15;"Trnavskı kraj";0;0
"1294";2020-07-16;"Trnavskı kraj";0;0
"1295";2020-07-17;"Trnavskı kraj";0;0
"1296";2020-07-18;"Trnavskı kraj";0;0
"1297";2020-07-19;"Trnavskı kraj";0;0
"1298";2020-07-20;"Trnavskı kraj";0;0
"1299";2020-07-21;"Trnavskı kraj";0;0
"1300";2020-07-22;"Trnavskı kraj";0;0
"1301";2020-07-23;"Trnavskı kraj";0;0
"1302";2020-07-24;"Trnavskı kraj";0;0
"1303";2020-07-25;"Trnavskı kraj";0;0
"1304";2020-07-26;"Trnavskı kraj";0;0
"1305";2020-07-27;"Trnavskı kraj";0;0
"1306";2020-07-28;"Trnavskı kraj";0;0
"1307";2020-07-29;"Trnavskı kraj";0;0
"1308";2020-07-30;"Trnavskı kraj";0;0
"1309";2020-07-31;"Trnavskı kraj";0;0
"1310";2020-08-01;"Trnavskı kraj";0;0
"1311";2020-08-02;"Trnavskı kraj";0;0
"1312";2020-08-03;"Trnavskı kraj";0;0
"1313";2020-08-04;"Trnavskı kraj";0;0
"1314";2020-08-05;"Trnavskı kraj";0;0
"1315";2020-08-06;"Trnavskı kraj";0;0
"1316";2020-08-07;"Trnavskı kraj";0;0
"1317";2020-08-08;"Trnavskı kraj";0;0
"1318";2020-08-09;"Trnavskı kraj";0;0
"1319";2020-08-10;"Trnavskı kraj";0;0
"1320";2020-08-11;"Trnavskı kraj";0;0
"1321";2020-08-12;"Trnavskı kraj";0;0
"1322";2020-08-13;"Trnavskı kraj";0;0
"1323";2020-08-14;"Trnavskı kraj";0;0
"1324";2020-08-15;"Trnavskı kraj";0;0
"1325";2020-08-16;"Trnavskı kraj";0;0
"1326";2020-08-17;"Trnavskı kraj";0;0
"1327";2020-08-18;"Trnavskı kraj";0;0
"1328";2020-08-19;"Trnavskı kraj";0;0
"1329";2020-08-20;"Trnavskı kraj";0;0
"1330";2020-08-21;"Trnavskı kraj";0;0
"1331";2020-08-22;"Trnavskı kraj";0;0
"1332";2020-08-23;"Trnavskı kraj";0;0
"1333";2020-08-24;"Trnavskı kraj";0;0
"1334";2020-08-25;"Trnavskı kraj";0;0
"1335";2020-08-26;"Trnavskı kraj";0;0
"1336";2020-08-27;"Trnavskı kraj";0;0
"1337";2020-08-28;"Trnavskı kraj";0;0
"1338";2020-08-29;"Trnavskı kraj";0;0
"1339";2020-08-30;"Trnavskı kraj";0;0
"1340";2020-08-31;"Trnavskı kraj";0;0
"1341";2020-09-01;"Trnavskı kraj";0;0
"1342";2020-09-02;"Trnavskı kraj";0;0
"1343";2020-09-03;"Trnavskı kraj";0;0
"1344";2020-09-04;"Trnavskı kraj";0;0
"1345";2020-09-05;"Trnavskı kraj";0;0
"1346";2020-09-06;"Trnavskı kraj";0;0
"1347";2020-09-07;"Trnavskı kraj";0;0
"1348";2020-09-08;"Trnavskı kraj";0;0
"1349";2020-09-09;"Trnavskı kraj";0;0
"1350";2020-09-10;"Trnavskı kraj";0;0
"1351";2020-09-11;"Trnavskı kraj";0;0
"1352";2020-09-12;"Trnavskı kraj";0;0
"1353";2020-09-13;"Trnavskı kraj";0;0
"1354";2020-09-14;"Trnavskı kraj";0;0
"1355";2020-09-15;"Trnavskı kraj";0;0
"1356";2020-09-16;"Trnavskı kraj";0;0
"1357";2020-09-17;"Trnavskı kraj";0;0
"1358";2020-09-18;"Trnavskı kraj";1;0
"1359";2020-09-19;"Trnavskı kraj";0;0
"1360";2020-09-20;"Trnavskı kraj";1;0
"1361";2020-09-21;"Trnavskı kraj";1;0
"1362";2020-09-22;"Trnavskı kraj";1;0
"1363";2020-09-23;"Trnavskı kraj";0;0
"1364";2020-09-24;"Trnavskı kraj";0;0
"1365";2020-09-25;"Trnavskı kraj";0;0
"1366";2020-09-26;"Trnavskı kraj";2;0
"1367";2020-09-27;"Trnavskı kraj";0;0
"1368";2020-09-28;"Trnavskı kraj";1;0
"1369";2020-09-29;"Trnavskı kraj";0;0
"1370";2020-09-30;"Trnavskı kraj";0;0
"1371";2020-10-01;"Trnavskı kraj";0;0
"1372";2020-10-02;"Trnavskı kraj";0;2
"1373";2020-10-03;"Trnavskı kraj";0;0
"1374";2020-10-04;"Trnavskı kraj";0;1
"1375";2020-10-05;"Trnavskı kraj";0;0
"1376";2020-10-06;"Trnavskı kraj";1;0
"1377";2020-10-07;"Trnavskı kraj";1;0
"1378";2020-10-08;"Trnavskı kraj";2;0
"1379";2020-10-09;"Trnavskı kraj";0;0
"1380";2020-10-10;"Trnavskı kraj";0;0
"1381";2020-10-11;"Trnavskı kraj";1;0
"1382";2020-10-12;"Trnavskı kraj";1;0
"1383";2020-10-13;"Trnavskı kraj";0;0
"1384";2020-10-14;"Trnavskı kraj";2;0
"1385";2020-10-15;"Trnavskı kraj";2;0
"1386";2020-10-16;"Trnavskı kraj";2;1
"1387";2020-10-17;"Trnavskı kraj";0;0
"1388";2020-10-18;"Trnavskı kraj";3;0
"1389";2020-10-19;"Trnavskı kraj";1;0
"1390";2020-10-20;"Trnavskı kraj";1;4
"1391";2020-10-21;"Trnavskı kraj";1;0
"1392";2020-10-22;"Trnavskı kraj";0;1
"1393";2020-10-23;"Trnavskı kraj";1;0
"1394";2020-10-24;"Trnavskı kraj";0;0
"1395";2020-10-25;"Trnavskı kraj";1;0
"1396";2020-10-26;"Trnavskı kraj";1;0
"1397";2020-10-27;"Trnavskı kraj";2;2
"1398";2020-10-28;"Trnavskı kraj";2;3
"1399";2020-10-29;"Trnavskı kraj";0;3
"1400";2020-10-30;"Trnavskı kraj";1;1
"1401";2020-10-31;"Trnavskı kraj";1;1
"1402";2020-11-01;"Trnavskı kraj";2;1
"1403";2020-11-02;"Trnavskı kraj";2;3
"1404";2020-11-03;"Trnavskı kraj";0;1
"1405";2020-11-04;"Trnavskı kraj";1;1
"1406";2020-11-05;"Trnavskı kraj";3;0
"1407";2020-11-06;"Trnavskı kraj";1;0
"1408";2020-11-07;"Trnavskı kraj";2;0
"1409";2020-11-08;"Trnavskı kraj";2;2
"1410";2020-11-09;"Trnavskı kraj";1;3
"1411";2020-11-10;"Trnavskı kraj";1;1
"1412";2020-11-11;"Trnavskı kraj";2;2
"1413";2020-11-12;"Trnavskı kraj";0;4
"1414";2020-11-13;"Trnavskı kraj";5;2
"1415";2020-11-14;"Trnavskı kraj";2;1
"1416";2020-11-15;"Trnavskı kraj";1;1
"1417";2020-11-16;"Trnavskı kraj";3;0
"1418";2020-11-17;"Trnavskı kraj";3;0
"1419";2020-11-18;"Trnavskı kraj";2;1
"1420";2020-11-19;"Trnavskı kraj";1;2
"1421";2020-11-20;"Trnavskı kraj";1;1
"1422";2020-11-21;"Trnavskı kraj";0;0
"1423";2020-11-22;"Trnavskı kraj";1;1
"1424";2020-11-23;"Trnavskı kraj";1;3
"1425";2020-11-24;"Trnavskı kraj";3;2
"1426";2020-11-25;"Trnavskı kraj";1;1
"1427";2020-11-26;"Trnavskı kraj";4;4
"1428";2020-11-27;"Trnavskı kraj";3;2
"1429";2020-11-28;"Trnavskı kraj";3;3
"1430";2020-11-29;"Trnavskı kraj";3;1
"1431";2020-11-30;"Trnavskı kraj";4;4
"1432";2020-12-01;"Trnavskı kraj";1;1
"1433";2020-12-02;"Trnavskı kraj";4;6
"1434";2020-12-03;"Trnavskı kraj";3;1
"1435";2020-12-04;"Trnavskı kraj";3;1
"1436";2020-12-05;"Trnavskı kraj";4;1
"1437";2020-12-06;"Trnavskı kraj";3;5
"1438";2020-12-07;"Trnavskı kraj";4;6
"1439";2020-12-08;"Trnavskı kraj";1;1
"1440";2020-12-09;"Trnavskı kraj";0;4
"1441";2020-12-10;"Trnavskı kraj";3;1
"1442";2020-12-11;"Trnavskı kraj";1;3
"1443";2020-12-12;"Trnavskı kraj";3;1
"1444";2020-12-13;"Trnavskı kraj";1;1
"1445";2020-12-14;"Trnavskı kraj";2;2
"1446";2020-12-15;"Trnavskı kraj";1;4
"1447";2020-12-16;"Trnavskı kraj";3;3
"1448";2020-12-17;"Trnavskı kraj";1;0
"1449";2020-12-18;"Trnavskı kraj";3;5
"1450";2020-12-19;"Trnavskı kraj";0;1
"1451";2020-12-20;"Trnavskı kraj";1;0
"1452";2020-12-21;"Trnavskı kraj";4;1
"1453";2020-12-22;"Trnavskı kraj";6;1
"1454";2020-12-23;"Trnavskı kraj";4;8
"1455";2020-12-24;"Trnavskı kraj";2;3
"1456";2020-12-25;"Trnavskı kraj";2;2
"1457";2020-12-26;"Trnavskı kraj";2;2
"1458";2020-12-27;"Trnavskı kraj";1;1
"1459";2020-12-28;"Trnavskı kraj";1;4
"1460";2020-12-29;"Trnavskı kraj";2;4
"1461";2020-12-30;"Trnavskı kraj";2;2
"1462";2020-12-31;"Trnavskı kraj";2;4
"1463";2021-01-01;"Trnavskı kraj";0;0
"1464";2021-01-02;"Trnavskı kraj";0;0
"1465";2021-01-03;"Trnavskı kraj";0;0
"1466";2020-03-17;"Banskobystrickı kraj";0;0
"1467";2020-03-18;"Banskobystrickı kraj";0;0
"1468";2020-03-19;"Banskobystrickı kraj";0;0
"1469";2020-03-20;"Banskobystrickı kraj";0;0
"1470";2020-03-21;"Banskobystrickı kraj";0;0
"1471";2020-03-22;"Banskobystrickı kraj";0;0
"1472";2020-03-23;"Banskobystrickı kraj";0;0
"1473";2020-03-24;"Banskobystrickı kraj";0;0
"1474";2020-03-25;"Banskobystrickı kraj";0;0
"1475";2020-03-26;"Banskobystrickı kraj";0;0
"1476";2020-03-27;"Banskobystrickı kraj";0;0
"1477";2020-03-28;"Banskobystrickı kraj";0;0
"1478";2020-03-29;"Banskobystrickı kraj";0;0
"1479";2020-03-30;"Banskobystrickı kraj";0;0
"1480";2020-03-31;"Banskobystrickı kraj";0;0
"1481";2020-04-01;"Banskobystrickı kraj";0;0
"1482";2020-04-02;"Banskobystrickı kraj";0;0
"1483";2020-04-03;"Banskobystrickı kraj";0;0
"1484";2020-04-04;"Banskobystrickı kraj";0;0
"1485";2020-04-05;"Banskobystrickı kraj";0;0
"1486";2020-04-06;"Banskobystrickı kraj";0;0
"1487";2020-04-07;"Banskobystrickı kraj";0;0
"1488";2020-04-08;"Banskobystrickı kraj";0;0
"1489";2020-04-09;"Banskobystrickı kraj";0;0
"1490";2020-04-10;"Banskobystrickı kraj";0;0
"1491";2020-04-11;"Banskobystrickı kraj";0;0
"1492";2020-04-12;"Banskobystrickı kraj";0;0
"1493";2020-04-13;"Banskobystrickı kraj";0;0
"1494";2020-04-14;"Banskobystrickı kraj";0;0
"1495";2020-04-15;"Banskobystrickı kraj";0;0
"1496";2020-04-16;"Banskobystrickı kraj";0;0
"1497";2020-04-17;"Banskobystrickı kraj";0;0
"1498";2020-04-18;"Banskobystrickı kraj";0;0
"1499";2020-04-19;"Banskobystrickı kraj";0;0
"1500";2020-04-20;"Banskobystrickı kraj";0;0
"1501";2020-04-21;"Banskobystrickı kraj";0;0
"1502";2020-04-22;"Banskobystrickı kraj";0;0
"1503";2020-04-23;"Banskobystrickı kraj";0;0
"1504";2020-04-24;"Banskobystrickı kraj";0;0
"1505";2020-04-25;"Banskobystrickı kraj";0;0
"1506";2020-04-26;"Banskobystrickı kraj";0;0
"1507";2020-04-27;"Banskobystrickı kraj";0;0
"1508";2020-04-28;"Banskobystrickı kraj";0;0
"1509";2020-04-29;"Banskobystrickı kraj";0;0
"1510";2020-04-30;"Banskobystrickı kraj";0;0
"1511";2020-05-01;"Banskobystrickı kraj";0;0
"1512";2020-05-02;"Banskobystrickı kraj";0;0
"1513";2020-05-03;"Banskobystrickı kraj";0;0
"1514";2020-05-04;"Banskobystrickı kraj";0;0
"1515";2020-05-05;"Banskobystrickı kraj";0;0
"1516";2020-05-06;"Banskobystrickı kraj";0;0
"1517";2020-05-07;"Banskobystrickı kraj";0;0
"1518";2020-05-08;"Banskobystrickı kraj";0;0
"1519";2020-05-09;"Banskobystrickı kraj";0;0
"1520";2020-05-10;"Banskobystrickı kraj";0;0
"1521";2020-05-11;"Banskobystrickı kraj";0;0
"1522";2020-05-12;"Banskobystrickı kraj";0;0
"1523";2020-05-13;"Banskobystrickı kraj";0;0
"1524";2020-05-14;"Banskobystrickı kraj";0;0
"1525";2020-05-15;"Banskobystrickı kraj";0;0
"1526";2020-05-16;"Banskobystrickı kraj";0;0
"1527";2020-05-17;"Banskobystrickı kraj";0;0
"1528";2020-05-18;"Banskobystrickı kraj";0;0
"1529";2020-05-19;"Banskobystrickı kraj";0;0
"1530";2020-05-20;"Banskobystrickı kraj";0;0
"1531";2020-05-21;"Banskobystrickı kraj";0;0
"1532";2020-05-22;"Banskobystrickı kraj";0;0
"1533";2020-05-23;"Banskobystrickı kraj";0;0
"1534";2020-05-24;"Banskobystrickı kraj";0;0
"1535";2020-05-25;"Banskobystrickı kraj";0;0
"1536";2020-05-26;"Banskobystrickı kraj";0;0
"1537";2020-05-27;"Banskobystrickı kraj";0;0
"1538";2020-05-28;"Banskobystrickı kraj";0;0
"1539";2020-05-29;"Banskobystrickı kraj";0;0
"1540";2020-05-30;"Banskobystrickı kraj";0;0
"1541";2020-05-31;"Banskobystrickı kraj";0;0
"1542";2020-06-01;"Banskobystrickı kraj";0;0
"1543";2020-06-02;"Banskobystrickı kraj";0;0
"1544";2020-06-03;"Banskobystrickı kraj";0;0
"1545";2020-06-04;"Banskobystrickı kraj";0;0
"1546";2020-06-05;"Banskobystrickı kraj";0;0
"1547";2020-06-06;"Banskobystrickı kraj";0;0
"1548";2020-06-07;"Banskobystrickı kraj";0;0
"1549";2020-06-08;"Banskobystrickı kraj";0;0
"1550";2020-06-09;"Banskobystrickı kraj";0;0
"1551";2020-06-10;"Banskobystrickı kraj";0;0
"1552";2020-06-11;"Banskobystrickı kraj";0;0
"1553";2020-06-12;"Banskobystrickı kraj";0;0
"1554";2020-06-13;"Banskobystrickı kraj";0;0
"1555";2020-06-14;"Banskobystrickı kraj";0;0
"1556";2020-06-15;"Banskobystrickı kraj";0;0
"1557";2020-06-16;"Banskobystrickı kraj";0;0
"1558";2020-06-17;"Banskobystrickı kraj";0;0
"1559";2020-06-18;"Banskobystrickı kraj";0;0
"1560";2020-06-19;"Banskobystrickı kraj";0;0
"1561";2020-06-20;"Banskobystrickı kraj";0;0
"1562";2020-06-21;"Banskobystrickı kraj";0;0
"1563";2020-06-22;"Banskobystrickı kraj";0;0
"1564";2020-06-23;"Banskobystrickı kraj";0;0
"1565";2020-06-24;"Banskobystrickı kraj";0;0
"1566";2020-06-25;"Banskobystrickı kraj";0;0
"1567";2020-06-26;"Banskobystrickı kraj";0;0
"1568";2020-06-27;"Banskobystrickı kraj";0;0
"1569";2020-06-28;"Banskobystrickı kraj";0;0
"1570";2020-06-29;"Banskobystrickı kraj";0;0
"1571";2020-06-30;"Banskobystrickı kraj";0;0
"1572";2020-07-01;"Banskobystrickı kraj";0;0
"1573";2020-07-02;"Banskobystrickı kraj";0;0
"1574";2020-07-03;"Banskobystrickı kraj";0;0
"1575";2020-07-04;"Banskobystrickı kraj";0;0
"1576";2020-07-05;"Banskobystrickı kraj";0;0
"1577";2020-07-06;"Banskobystrickı kraj";0;0
"1578";2020-07-07;"Banskobystrickı kraj";0;0
"1579";2020-07-08;"Banskobystrickı kraj";0;0
"1580";2020-07-09;"Banskobystrickı kraj";0;0
"1581";2020-07-10;"Banskobystrickı kraj";0;0
"1582";2020-07-11;"Banskobystrickı kraj";0;0
"1583";2020-07-12;"Banskobystrickı kraj";0;0
"1584";2020-07-13;"Banskobystrickı kraj";0;0
"1585";2020-07-14;"Banskobystrickı kraj";0;0
"1586";2020-07-15;"Banskobystrickı kraj";0;0
"1587";2020-07-16;"Banskobystrickı kraj";0;0
"1588";2020-07-17;"Banskobystrickı kraj";0;0
"1589";2020-07-18;"Banskobystrickı kraj";0;0
"1590";2020-07-19;"Banskobystrickı kraj";0;0
"1591";2020-07-20;"Banskobystrickı kraj";0;0
"1592";2020-07-21;"Banskobystrickı kraj";0;0
"1593";2020-07-22;"Banskobystrickı kraj";0;0
"1594";2020-07-23;"Banskobystrickı kraj";1;0
"1595";2020-07-24;"Banskobystrickı kraj";0;0
"1596";2020-07-25;"Banskobystrickı kraj";0;0
"1597";2020-07-26;"Banskobystrickı kraj";0;0
"1598";2020-07-27;"Banskobystrickı kraj";0;0
"1599";2020-07-28;"Banskobystrickı kraj";0;0
"1600";2020-07-29;"Banskobystrickı kraj";0;0
"1601";2020-07-30;"Banskobystrickı kraj";0;0
"1602";2020-07-31;"Banskobystrickı kraj";0;0
"1603";2020-08-01;"Banskobystrickı kraj";0;0
"1604";2020-08-02;"Banskobystrickı kraj";0;0
"1605";2020-08-03;"Banskobystrickı kraj";0;0
"1606";2020-08-04;"Banskobystrickı kraj";0;0
"1607";2020-08-05;"Banskobystrickı kraj";0;0
"1608";2020-08-06;"Banskobystrickı kraj";0;0
"1609";2020-08-07;"Banskobystrickı kraj";0;0
"1610";2020-08-08;"Banskobystrickı kraj";0;0
"1611";2020-08-09;"Banskobystrickı kraj";0;0
"1612";2020-08-10;"Banskobystrickı kraj";1;0
"1613";2020-08-11;"Banskobystrickı kraj";0;0
"1614";2020-08-12;"Banskobystrickı kraj";0;0
"1615";2020-08-13;"Banskobystrickı kraj";0;0
"1616";2020-08-14;"Banskobystrickı kraj";0;0
"1617";2020-08-15;"Banskobystrickı kraj";0;0
"1618";2020-08-16;"Banskobystrickı kraj";0;0
"1619";2020-08-17;"Banskobystrickı kraj";0;0
"1620";2020-08-18;"Banskobystrickı kraj";0;0
"1621";2020-08-19;"Banskobystrickı kraj";0;0
"1622";2020-08-20;"Banskobystrickı kraj";0;0
"1623";2020-08-21;"Banskobystrickı kraj";0;0
"1624";2020-08-22;"Banskobystrickı kraj";0;0
"1625";2020-08-23;"Banskobystrickı kraj";0;0
"1626";2020-08-24;"Banskobystrickı kraj";0;0
"1627";2020-08-25;"Banskobystrickı kraj";0;0
"1628";2020-08-26;"Banskobystrickı kraj";0;1
"1629";2020-08-27;"Banskobystrickı kraj";0;0
"1630";2020-08-28;"Banskobystrickı kraj";0;0
"1631";2020-08-29;"Banskobystrickı kraj";0;0
"1632";2020-08-30;"Banskobystrickı kraj";0;0
"1633";2020-08-31;"Banskobystrickı kraj";0;0
"1634";2020-09-01;"Banskobystrickı kraj";0;0
"1635";2020-09-02;"Banskobystrickı kraj";0;0
"1636";2020-09-03;"Banskobystrickı kraj";0;0
"1637";2020-09-04;"Banskobystrickı kraj";0;0
"1638";2020-09-05;"Banskobystrickı kraj";0;0
"1639";2020-09-06;"Banskobystrickı kraj";0;0
"1640";2020-09-07;"Banskobystrickı kraj";0;0
"1641";2020-09-08;"Banskobystrickı kraj";0;0
"1642";2020-09-09;"Banskobystrickı kraj";0;0
"1643";2020-09-10;"Banskobystrickı kraj";0;0
"1644";2020-09-11;"Banskobystrickı kraj";0;0
"1645";2020-09-12;"Banskobystrickı kraj";1;0
"1646";2020-09-13;"Banskobystrickı kraj";0;0
"1647";2020-09-14;"Banskobystrickı kraj";0;1
"1648";2020-09-15;"Banskobystrickı kraj";0;0
"1649";2020-09-16;"Banskobystrickı kraj";0;0
"1650";2020-09-17;"Banskobystrickı kraj";0;0
"1651";2020-09-18;"Banskobystrickı kraj";0;0
"1652";2020-09-19;"Banskobystrickı kraj";1;0
"1653";2020-09-20;"Banskobystrickı kraj";1;0
"1654";2020-09-21;"Banskobystrickı kraj";0;0
"1655";2020-09-22;"Banskobystrickı kraj";0;0
"1656";2020-09-23;"Banskobystrickı kraj";0;0
"1657";2020-09-24;"Banskobystrickı kraj";0;0
"1658";2020-09-25;"Banskobystrickı kraj";0;0
"1659";2020-09-26;"Banskobystrickı kraj";0;0
"1660";2020-09-27;"Banskobystrickı kraj";1;0
"1661";2020-09-28;"Banskobystrickı kraj";0;0
"1662";2020-09-29;"Banskobystrickı kraj";1;0
"1663";2020-09-30;"Banskobystrickı kraj";0;0
"1664";2020-10-01;"Banskobystrickı kraj";0;0
"1665";2020-10-02;"Banskobystrickı kraj";0;0
"1666";2020-10-03;"Banskobystrickı kraj";1;0
"1667";2020-10-04;"Banskobystrickı kraj";2;0
"1668";2020-10-05;"Banskobystrickı kraj";0;0
"1669";2020-10-06;"Banskobystrickı kraj";0;0
"1670";2020-10-07;"Banskobystrickı kraj";0;0
"1671";2020-10-08;"Banskobystrickı kraj";0;0
"1672";2020-10-09;"Banskobystrickı kraj";0;0
"1673";2020-10-10;"Banskobystrickı kraj";0;0
"1674";2020-10-11;"Banskobystrickı kraj";0;1
"1675";2020-10-12;"Banskobystrickı kraj";0;0
"1676";2020-10-13;"Banskobystrickı kraj";0;0
"1677";2020-10-14;"Banskobystrickı kraj";0;0
"1678";2020-10-15;"Banskobystrickı kraj";0;1
"1679";2020-10-16;"Banskobystrickı kraj";0;0
"1680";2020-10-17;"Banskobystrickı kraj";0;0
"1681";2020-10-18;"Banskobystrickı kraj";0;0
"1682";2020-10-19;"Banskobystrickı kraj";1;0
"1683";2020-10-20;"Banskobystrickı kraj";1;0
"1684";2020-10-21;"Banskobystrickı kraj";0;1
"1685";2020-10-22;"Banskobystrickı kraj";1;0
"1686";2020-10-23;"Banskobystrickı kraj";0;1
"1687";2020-10-24;"Banskobystrickı kraj";1;0
"1688";2020-10-25;"Banskobystrickı kraj";1;0
"1689";2020-10-26;"Banskobystrickı kraj";2;0
"1690";2020-10-27;"Banskobystrickı kraj";0;1
"1691";2020-10-28;"Banskobystrickı kraj";1;1
"1692";2020-10-29;"Banskobystrickı kraj";0;1
"1693";2020-10-30;"Banskobystrickı kraj";0;2
"1694";2020-10-31;"Banskobystrickı kraj";2;1
"1695";2020-11-01;"Banskobystrickı kraj";0;2
"1696";2020-11-02;"Banskobystrickı kraj";0;0
"1697";2020-11-03;"Banskobystrickı kraj";1;0
"1698";2020-11-04;"Banskobystrickı kraj";0;1
"1699";2020-11-05;"Banskobystrickı kraj";3;1
"1700";2020-11-06;"Banskobystrickı kraj";1;0
"1701";2020-11-07;"Banskobystrickı kraj";2;0
"1702";2020-11-08;"Banskobystrickı kraj";2;0
"1703";2020-11-09;"Banskobystrickı kraj";1;0
"1704";2020-11-10;"Banskobystrickı kraj";0;0
"1705";2020-11-11;"Banskobystrickı kraj";2;1
"1706";2020-11-12;"Banskobystrickı kraj";0;1
"1707";2020-11-13;"Banskobystrickı kraj";0;1
"1708";2020-11-14;"Banskobystrickı kraj";1;0
"1709";2020-11-15;"Banskobystrickı kraj";0;0
"1710";2020-11-16;"Banskobystrickı kraj";2;0
"1711";2020-11-17;"Banskobystrickı kraj";2;0
"1712";2020-11-18;"Banskobystrickı kraj";2;2
"1713";2020-11-19;"Banskobystrickı kraj";1;0
"1714";2020-11-20;"Banskobystrickı kraj";2;2
"1715";2020-11-21;"Banskobystrickı kraj";1;1
"1716";2020-11-22;"Banskobystrickı kraj";0;0
"1717";2020-11-23;"Banskobystrickı kraj";2;1
"1718";2020-11-24;"Banskobystrickı kraj";2;0
"1719";2020-11-25;"Banskobystrickı kraj";1;4
"1720";2020-11-26;"Banskobystrickı kraj";1;0
"1721";2020-11-27;"Banskobystrickı kraj";3;2
"1722";2020-11-28;"Banskobystrickı kraj";2;0
"1723";2020-11-29;"Banskobystrickı kraj";0;0
"1724";2020-11-30;"Banskobystrickı kraj";1;0
"1725";2020-12-01;"Banskobystrickı kraj";3;1
"1726";2020-12-02;"Banskobystrickı kraj";1;5
"1727";2020-12-03;"Banskobystrickı kraj";1;1
"1728";2020-12-04;"Banskobystrickı kraj";3;2
"1729";2020-12-05;"Banskobystrickı kraj";0;1
"1730";2020-12-06;"Banskobystrickı kraj";3;1
"1731";2020-12-07;"Banskobystrickı kraj";1;1
"1732";2020-12-08;"Banskobystrickı kraj";2;2
"1733";2020-12-09;"Banskobystrickı kraj";1;2
"1734";2020-12-10;"Banskobystrickı kraj";3;1
"1735";2020-12-11;"Banskobystrickı kraj";4;1
"1736";2020-12-12;"Banskobystrickı kraj";3;0
"1737";2020-12-13;"Banskobystrickı kraj";1;0
"1738";2020-12-14;"Banskobystrickı kraj";3;0
"1739";2020-12-15;"Banskobystrickı kraj";3;2
"1740";2020-12-16;"Banskobystrickı kraj";1;4
"1741";2020-12-17;"Banskobystrickı kraj";2;5
"1742";2020-12-18;"Banskobystrickı kraj";1;3
"1743";2020-12-19;"Banskobystrickı kraj";1;1
"1744";2020-12-20;"Banskobystrickı kraj";2;5
"1745";2020-12-21;"Banskobystrickı kraj";7;3
"1746";2020-12-22;"Banskobystrickı kraj";0;2
"1747";2020-12-23;"Banskobystrickı kraj";2;7
"1748";2020-12-24;"Banskobystrickı kraj";0;3
"1749";2020-12-25;"Banskobystrickı kraj";3;1
"1750";2020-12-26;"Banskobystrickı kraj";2;2
"1751";2020-12-27;"Banskobystrickı kraj";3;3
"1752";2020-12-28;"Banskobystrickı kraj";1;2
"1753";2020-12-29;"Banskobystrickı kraj";2;2
"1754";2020-12-30;"Banskobystrickı kraj";1;6
"1755";2020-12-31;"Banskobystrickı kraj";0;1
"1756";2021-01-01;"Banskobystrickı kraj";0;0
"1757";2021-01-02;"Banskobystrickı kraj";0;1
"1758";2021-01-03;"Banskobystrickı kraj";0;0
"1759";2020-03-17;"Košickı kraj";0;0
"1760";2020-03-18;"Košickı kraj";0;0
"1761";2020-03-19;"Košickı kraj";0;0
"1762";2020-03-20;"Košickı kraj";0;0
"1763";2020-03-21;"Košickı kraj";0;0
"1764";2020-03-22;"Košickı kraj";0;0
"1765";2020-03-23;"Košickı kraj";0;0
"1766";2020-03-24;"Košickı kraj";0;0
"1767";2020-03-25;"Košickı kraj";0;0
"1768";2020-03-26;"Košickı kraj";0;0
"1769";2020-03-27;"Košickı kraj";0;0
"1770";2020-03-28;"Košickı kraj";0;0
"1771";2020-03-29;"Košickı kraj";0;0
"1772";2020-03-30;"Košickı kraj";0;0
"1773";2020-03-31;"Košickı kraj";0;0
"1774";2020-04-01;"Košickı kraj";0;0
"1775";2020-04-02;"Košickı kraj";0;0
"1776";2020-04-03;"Košickı kraj";0;0
"1777";2020-04-04;"Košickı kraj";0;0
"1778";2020-04-05;"Košickı kraj";0;0
"1779";2020-04-06;"Košickı kraj";0;0
"1780";2020-04-07;"Košickı kraj";0;0
"1781";2020-04-08;"Košickı kraj";0;0
"1782";2020-04-09;"Košickı kraj";0;0
"1783";2020-04-10;"Košickı kraj";0;0
"1784";2020-04-11;"Košickı kraj";0;0
"1785";2020-04-12;"Košickı kraj";0;0
"1786";2020-04-13;"Košickı kraj";0;0
"1787";2020-04-14;"Košickı kraj";0;0
"1788";2020-04-15;"Košickı kraj";0;0
"1789";2020-04-16;"Košickı kraj";0;0
"1790";2020-04-17;"Košickı kraj";0;0
"1791";2020-04-18;"Košickı kraj";0;0
"1792";2020-04-19;"Košickı kraj";0;0
"1793";2020-04-20;"Košickı kraj";0;0
"1794";2020-04-21;"Košickı kraj";0;0
"1795";2020-04-22;"Košickı kraj";0;0
"1796";2020-04-23;"Košickı kraj";0;0
"1797";2020-04-24;"Košickı kraj";0;0
"1798";2020-04-25;"Košickı kraj";0;0
"1799";2020-04-26;"Košickı kraj";0;0
"1800";2020-04-27;"Košickı kraj";0;0
"1801";2020-04-28;"Košickı kraj";0;0
"1802";2020-04-29;"Košickı kraj";0;0
"1803";2020-04-30;"Košickı kraj";0;0
"1804";2020-05-01;"Košickı kraj";0;0
"1805";2020-05-02;"Košickı kraj";0;0
"1806";2020-05-03;"Košickı kraj";0;0
"1807";2020-05-04;"Košickı kraj";0;0
"1808";2020-05-05;"Košickı kraj";0;0
"1809";2020-05-06;"Košickı kraj";0;0
"1810";2020-05-07;"Košickı kraj";0;0
"1811";2020-05-08;"Košickı kraj";0;0
"1812";2020-05-09;"Košickı kraj";0;0
"1813";2020-05-10;"Košickı kraj";0;0
"1814";2020-05-11;"Košickı kraj";0;0
"1815";2020-05-12;"Košickı kraj";0;0
"1816";2020-05-13;"Košickı kraj";0;0
"1817";2020-05-14;"Košickı kraj";0;0
"1818";2020-05-15;"Košickı kraj";0;0
"1819";2020-05-16;"Košickı kraj";0;0
"1820";2020-05-17;"Košickı kraj";0;0
"1821";2020-05-18;"Košickı kraj";0;0
"1822";2020-05-19;"Košickı kraj";0;0
"1823";2020-05-20;"Košickı kraj";0;0
"1824";2020-05-21;"Košickı kraj";0;0
"1825";2020-05-22;"Košickı kraj";0;0
"1826";2020-05-23;"Košickı kraj";0;0
"1827";2020-05-24;"Košickı kraj";0;0
"1828";2020-05-25;"Košickı kraj";0;0
"1829";2020-05-26;"Košickı kraj";0;0
"1830";2020-05-27;"Košickı kraj";0;0
"1831";2020-05-28;"Košickı kraj";0;0
"1832";2020-05-29;"Košickı kraj";0;0
"1833";2020-05-30;"Košickı kraj";0;0
"1834";2020-05-31;"Košickı kraj";0;0
"1835";2020-06-01;"Košickı kraj";0;0
"1836";2020-06-02;"Košickı kraj";0;0
"1837";2020-06-03;"Košickı kraj";0;0
"1838";2020-06-04;"Košickı kraj";0;0
"1839";2020-06-05;"Košickı kraj";0;0
"1840";2020-06-06;"Košickı kraj";0;0
"1841";2020-06-07;"Košickı kraj";0;0
"1842";2020-06-08;"Košickı kraj";0;0
"1843";2020-06-09;"Košickı kraj";0;0
"1844";2020-06-10;"Košickı kraj";0;0
"1845";2020-06-11;"Košickı kraj";0;0
"1846";2020-06-12;"Košickı kraj";0;0
"1847";2020-06-13;"Košickı kraj";0;0
"1848";2020-06-14;"Košickı kraj";0;0
"1849";2020-06-15;"Košickı kraj";0;0
"1850";2020-06-16;"Košickı kraj";0;0
"1851";2020-06-17;"Košickı kraj";0;0
"1852";2020-06-18;"Košickı kraj";0;0
"1853";2020-06-19;"Košickı kraj";0;0
"1854";2020-06-20;"Košickı kraj";0;0
"1855";2020-06-21;"Košickı kraj";0;0
"1856";2020-06-22;"Košickı kraj";0;0
"1857";2020-06-23;"Košickı kraj";0;0
"1858";2020-06-24;"Košickı kraj";0;0
"1859";2020-06-25;"Košickı kraj";0;0
"1860";2020-06-26;"Košickı kraj";0;0
"1861";2020-06-27;"Košickı kraj";0;0
"1862";2020-06-28;"Košickı kraj";0;0
"1863";2020-06-29;"Košickı kraj";0;0
"1864";2020-06-30;"Košickı kraj";0;0
"1865";2020-07-01;"Košickı kraj";0;0
"1866";2020-07-02;"Košickı kraj";0;0
"1867";2020-07-03;"Košickı kraj";0;0
"1868";2020-07-04;"Košickı kraj";0;0
"1869";2020-07-05;"Košickı kraj";0;0
"1870";2020-07-06;"Košickı kraj";0;0
"1871";2020-07-07;"Košickı kraj";0;0
"1872";2020-07-08;"Košickı kraj";0;0
"1873";2020-07-09;"Košickı kraj";0;0
"1874";2020-07-10;"Košickı kraj";0;0
"1875";2020-07-11;"Košickı kraj";0;0
"1876";2020-07-12;"Košickı kraj";0;0
"1877";2020-07-13;"Košickı kraj";0;0
"1878";2020-07-14;"Košickı kraj";0;0
"1879";2020-07-15;"Košickı kraj";0;0
"1880";2020-07-16;"Košickı kraj";0;0
"1881";2020-07-17;"Košickı kraj";0;0
"1882";2020-07-18;"Košickı kraj";0;0
"1883";2020-07-19;"Košickı kraj";0;0
"1884";2020-07-20;"Košickı kraj";0;0
"1885";2020-07-21;"Košickı kraj";0;0
"1886";2020-07-22;"Košickı kraj";0;0
"1887";2020-07-23;"Košickı kraj";0;0
"1888";2020-07-24;"Košickı kraj";0;0
"1889";2020-07-25;"Košickı kraj";0;0
"1890";2020-07-26;"Košickı kraj";0;0
"1891";2020-07-27;"Košickı kraj";0;0
"1892";2020-07-28;"Košickı kraj";0;0
"1893";2020-07-29;"Košickı kraj";0;0
"1894";2020-07-30;"Košickı kraj";0;0
"1895";2020-07-31;"Košickı kraj";0;0
"1896";2020-08-01;"Košickı kraj";0;0
"1897";2020-08-02;"Košickı kraj";0;0
"1898";2020-08-03;"Košickı kraj";0;0
"1899";2020-08-04;"Košickı kraj";0;0
"1900";2020-08-05;"Košickı kraj";0;0
"1901";2020-08-06;"Košickı kraj";0;0
"1902";2020-08-07;"Košickı kraj";0;0
"1903";2020-08-08;"Košickı kraj";0;0
"1904";2020-08-09;"Košickı kraj";0;0
"1905";2020-08-10;"Košickı kraj";0;0
"1906";2020-08-11;"Košickı kraj";0;0
"1907";2020-08-12;"Košickı kraj";0;0
"1908";2020-08-13;"Košickı kraj";0;0
"1909";2020-08-14;"Košickı kraj";0;0
"1910";2020-08-15;"Košickı kraj";0;0
"1911";2020-08-16;"Košickı kraj";0;0
"1912";2020-08-17;"Košickı kraj";0;0
"1913";2020-08-18;"Košickı kraj";0;0
"1914";2020-08-19;"Košickı kraj";0;0
"1915";2020-08-20;"Košickı kraj";0;0
"1916";2020-08-21;"Košickı kraj";0;0
"1917";2020-08-22;"Košickı kraj";0;0
"1918";2020-08-23;"Košickı kraj";0;0
"1919";2020-08-24;"Košickı kraj";0;0
"1920";2020-08-25;"Košickı kraj";1;0
"1921";2020-08-26;"Košickı kraj";0;0
"1922";2020-08-27;"Košickı kraj";1;0
"1923";2020-08-28;"Košickı kraj";0;0
"1924";2020-08-29;"Košickı kraj";0;0
"1925";2020-08-30;"Košickı kraj";0;0
"1926";2020-08-31;"Košickı kraj";0;0
"1927";2020-09-01;"Košickı kraj";0;0
"1928";2020-09-02;"Košickı kraj";0;0
"1929";2020-09-03;"Košickı kraj";1;0
"1930";2020-09-04;"Košickı kraj";0;0
"1931";2020-09-05;"Košickı kraj";0;0
"1932";2020-09-06;"Košickı kraj";0;0
"1933";2020-09-07;"Košickı kraj";0;0
"1934";2020-09-08;"Košickı kraj";1;0
"1935";2020-09-09;"Košickı kraj";0;0
"1936";2020-09-10;"Košickı kraj";0;0
"1937";2020-09-11;"Košickı kraj";0;1
"1938";2020-09-12;"Košickı kraj";0;0
"1939";2020-09-13;"Košickı kraj";0;0
"1940";2020-09-14;"Košickı kraj";0;0
"1941";2020-09-15;"Košickı kraj";0;0
"1942";2020-09-16;"Košickı kraj";0;0
"1943";2020-09-17;"Košickı kraj";0;0
"1944";2020-09-18;"Košickı kraj";0;1
"1945";2020-09-19;"Košickı kraj";0;0
"1946";2020-09-20;"Košickı kraj";0;0
"1947";2020-09-21;"Košickı kraj";0;1
"1948";2020-09-22;"Košickı kraj";0;0
"1949";2020-09-23;"Košickı kraj";0;0
"1950";2020-09-24;"Košickı kraj";1;0
"1951";2020-09-25;"Košickı kraj";0;0
"1952";2020-09-26;"Košickı kraj";0;0
"1953";2020-09-27;"Košickı kraj";0;0
"1954";2020-09-28;"Košickı kraj";0;0
"1955";2020-09-29;"Košickı kraj";0;0
"1956";2020-09-30;"Košickı kraj";0;0
"1957";2020-10-01;"Košickı kraj";0;0
"1958";2020-10-02;"Košickı kraj";0;0
"1959";2020-10-03;"Košickı kraj";0;0
"1960";2020-10-04;"Košickı kraj";0;0
"1961";2020-10-05;"Košickı kraj";0;0
"1962";2020-10-06;"Košickı kraj";0;0
"1963";2020-10-07;"Košickı kraj";0;0
"1964";2020-10-08;"Košickı kraj";0;0
"1965";2020-10-09;"Košickı kraj";0;0
"1966";2020-10-10;"Košickı kraj";0;0
"1967";2020-10-11;"Košickı kraj";0;0
"1968";2020-10-12;"Košickı kraj";1;0
"1969";2020-10-13;"Košickı kraj";0;1
"1970";2020-10-14;"Košickı kraj";1;0
"1971";2020-10-15;"Košickı kraj";1;0
"1972";2020-10-16;"Košickı kraj";0;0
"1973";2020-10-17;"Košickı kraj";0;1
"1974";2020-10-18;"Košickı kraj";0;0
"1975";2020-10-19;"Košickı kraj";0;0
"1976";2020-10-20;"Košickı kraj";0;0
"1977";2020-10-21;"Košickı kraj";1;1
"1978";2020-10-22;"Košickı kraj";0;0
"1979";2020-10-23;"Košickı kraj";0;0
"1980";2020-10-24;"Košickı kraj";0;0
"1981";2020-10-25;"Košickı kraj";0;0
"1982";2020-10-26;"Košickı kraj";0;0
"1983";2020-10-27;"Košickı kraj";1;0
"1984";2020-10-28;"Košickı kraj";2;0
"1985";2020-10-29;"Košickı kraj";0;1
"1986";2020-10-30;"Košickı kraj";2;0
"1987";2020-10-31;"Košickı kraj";0;0
"1988";2020-11-01;"Košickı kraj";0;0
"1989";2020-11-02;"Košickı kraj";5;1
"1990";2020-11-03;"Košickı kraj";3;2
"1991";2020-11-04;"Košickı kraj";6;2
"1992";2020-11-05;"Košickı kraj";1;1
"1993";2020-11-06;"Košickı kraj";0;0
"1994";2020-11-07;"Košickı kraj";0;0
"1995";2020-11-08;"Košickı kraj";0;0
"1996";2020-11-09;"Košickı kraj";0;0
"1997";2020-11-10;"Košickı kraj";2;1
"1998";2020-11-11;"Košickı kraj";0;1
"1999";2020-11-12;"Košickı kraj";1;1
"2000";2020-11-13;"Košickı kraj";0;0
"2001";2020-11-14;"Košickı kraj";1;0
"2002";2020-11-15;"Košickı kraj";0;0
"2003";2020-11-16;"Košickı kraj";0;0
"2004";2020-11-17;"Košickı kraj";0;2
"2005";2020-11-18;"Košickı kraj";0;0
"2006";2020-11-19;"Košickı kraj";2;2
"2007";2020-11-20;"Košickı kraj";0;1
"2008";2020-11-21;"Košickı kraj";0;0
"2009";2020-11-22;"Košickı kraj";0;0
"2010";2020-11-23;"Košickı kraj";1;0
"2011";2020-11-24;"Košickı kraj";0;0
"2012";2020-11-25;"Košickı kraj";0;1
"2013";2020-11-26;"Košickı kraj";0;0
"2014";2020-11-27;"Košickı kraj";2;0
"2015";2020-11-28;"Košickı kraj";1;0
"2016";2020-11-29;"Košickı kraj";0;0
"2017";2020-11-30;"Košickı kraj";0;0
"2018";2020-12-01;"Košickı kraj";1;0
"2019";2020-12-02;"Košickı kraj";0;1
"2020";2020-12-03;"Košickı kraj";0;0
"2021";2020-12-04;"Košickı kraj";0;0
"2022";2020-12-05;"Košickı kraj";0;0
"2023";2020-12-06;"Košickı kraj";0;1
"2024";2020-12-07;"Košickı kraj";0;2
"2025";2020-12-08;"Košickı kraj";2;1
"2026";2020-12-09;"Košickı kraj";1;0
"2027";2020-12-10;"Košickı kraj";1;0
"2028";2020-12-11;"Košickı kraj";0;1
"2029";2020-12-12;"Košickı kraj";0;0
"2030";2020-12-13;"Košickı kraj";3;4
"2031";2020-12-14;"Košickı kraj";0;0
"2032";2020-12-15;"Košickı kraj";1;0
"2033";2020-12-16;"Košickı kraj";4;2
"2034";2020-12-17;"Košickı kraj";0;1
"2035";2020-12-18;"Košickı kraj";1;1
"2036";2020-12-19;"Košickı kraj";1;0
"2037";2020-12-20;"Košickı kraj";1;2
"2038";2020-12-21;"Košickı kraj";5;0
"2039";2020-12-22;"Košickı kraj";2;0
"2040";2020-12-23;"Košickı kraj";1;2
"2041";2020-12-24;"Košickı kraj";0;2
"2042";2020-12-25;"Košickı kraj";0;2
"2043";2020-12-26;"Košickı kraj";2;2
"2044";2020-12-27;"Košickı kraj";2;1
"2045";2020-12-28;"Košickı kraj";1;2
"2046";2020-12-29;"Košickı kraj";1;2
"2047";2020-12-30;"Košickı kraj";0;2
"2048";2020-12-31;"Košickı kraj";0;1
"2049";2021-01-01;"Košickı kraj";0;1
"2050";2021-01-02;"Košickı kraj";0;1
"2051";2021-01-03;"Košickı kraj";0;0
"2052";2020-03-17;"Nitriansky kraj";0;0
"2053";2020-03-18;"Nitriansky kraj";0;0
"2054";2020-03-19;"Nitriansky kraj";0;0
"2055";2020-03-20;"Nitriansky kraj";0;0
"2056";2020-03-21;"Nitriansky kraj";0;0
"2057";2020-03-22;"Nitriansky kraj";0;0
"2058";2020-03-23;"Nitriansky kraj";0;0
"2059";2020-03-24;"Nitriansky kraj";0;0
"2060";2020-03-25;"Nitriansky kraj";0;0
"2061";2020-03-26;"Nitriansky kraj";0;0
"2062";2020-03-27;"Nitriansky kraj";0;0
"2063";2020-03-28;"Nitriansky kraj";0;0
"2064";2020-03-29;"Nitriansky kraj";0;0
"2065";2020-03-30;"Nitriansky kraj";0;0
"2066";2020-03-31;"Nitriansky kraj";0;0
"2067";2020-04-01;"Nitriansky kraj";0;0
"2068";2020-04-02;"Nitriansky kraj";0;0
"2069";2020-04-03;"Nitriansky kraj";0;0
"2070";2020-04-04;"Nitriansky kraj";0;0
"2071";2020-04-05;"Nitriansky kraj";0;0
"2072";2020-04-06;"Nitriansky kraj";0;0
"2073";2020-04-07;"Nitriansky kraj";0;0
"2074";2020-04-08;"Nitriansky kraj";0;0
"2075";2020-04-09;"Nitriansky kraj";0;0
"2076";2020-04-10;"Nitriansky kraj";0;0
"2077";2020-04-11;"Nitriansky kraj";0;0
"2078";2020-04-12;"Nitriansky kraj";0;0
"2079";2020-04-13;"Nitriansky kraj";0;0
"2080";2020-04-14;"Nitriansky kraj";0;0
"2081";2020-04-15;"Nitriansky kraj";0;0
"2082";2020-04-16;"Nitriansky kraj";0;0
"2083";2020-04-17;"Nitriansky kraj";0;0
"2084";2020-04-18;"Nitriansky kraj";0;0
"2085";2020-04-19;"Nitriansky kraj";0;0
"2086";2020-04-20;"Nitriansky kraj";0;0
"2087";2020-04-21;"Nitriansky kraj";0;0
"2088";2020-04-22;"Nitriansky kraj";0;0
"2089";2020-04-23;"Nitriansky kraj";0;0
"2090";2020-04-24;"Nitriansky kraj";0;0
"2091";2020-04-25;"Nitriansky kraj";0;0
"2092";2020-04-26;"Nitriansky kraj";0;0
"2093";2020-04-27;"Nitriansky kraj";0;0
"2094";2020-04-28;"Nitriansky kraj";0;0
"2095";2020-04-29;"Nitriansky kraj";0;0
"2096";2020-04-30;"Nitriansky kraj";0;0
"2097";2020-05-01;"Nitriansky kraj";0;0
"2098";2020-05-02;"Nitriansky kraj";0;0
"2099";2020-05-03;"Nitriansky kraj";0;0
"2100";2020-05-04;"Nitriansky kraj";0;0
"2101";2020-05-05;"Nitriansky kraj";0;0
"2102";2020-05-06;"Nitriansky kraj";0;0
"2103";2020-05-07;"Nitriansky kraj";0;0
"2104";2020-05-08;"Nitriansky kraj";0;0
"2105";2020-05-09;"Nitriansky kraj";0;0
"2106";2020-05-10;"Nitriansky kraj";0;0
"2107";2020-05-11;"Nitriansky kraj";0;0
"2108";2020-05-12;"Nitriansky kraj";0;0
"2109";2020-05-13;"Nitriansky kraj";0;0
"2110";2020-05-14;"Nitriansky kraj";0;0
"2111";2020-05-15;"Nitriansky kraj";0;0
"2112";2020-05-16;"Nitriansky kraj";0;0
"2113";2020-05-17;"Nitriansky kraj";0;0
"2114";2020-05-18;"Nitriansky kraj";0;0
"2115";2020-05-19;"Nitriansky kraj";0;0
"2116";2020-05-20;"Nitriansky kraj";0;0
"2117";2020-05-21;"Nitriansky kraj";0;0
"2118";2020-05-22;"Nitriansky kraj";0;0
"2119";2020-05-23;"Nitriansky kraj";0;0
"2120";2020-05-24;"Nitriansky kraj";0;0
"2121";2020-05-25;"Nitriansky kraj";0;0
"2122";2020-05-26;"Nitriansky kraj";0;0
"2123";2020-05-27;"Nitriansky kraj";0;0
"2124";2020-05-28;"Nitriansky kraj";0;0
"2125";2020-05-29;"Nitriansky kraj";0;0
"2126";2020-05-30;"Nitriansky kraj";0;0
"2127";2020-05-31;"Nitriansky kraj";0;0
"2128";2020-06-01;"Nitriansky kraj";0;0
"2129";2020-06-02;"Nitriansky kraj";0;0
"2130";2020-06-03;"Nitriansky kraj";0;0
"2131";2020-06-04;"Nitriansky kraj";0;0
"2132";2020-06-05;"Nitriansky kraj";0;0
"2133";2020-06-06;"Nitriansky kraj";0;0
"2134";2020-06-07;"Nitriansky kraj";0;0
"2135";2020-06-08;"Nitriansky kraj";0;0
"2136";2020-06-09;"Nitriansky kraj";0;0
"2137";2020-06-10;"Nitriansky kraj";0;0
"2138";2020-06-11;"Nitriansky kraj";0;0
"2139";2020-06-12;"Nitriansky kraj";0;0
"2140";2020-06-13;"Nitriansky kraj";0;0
"2141";2020-06-14;"Nitriansky kraj";0;0
"2142";2020-06-15;"Nitriansky kraj";0;0
"2143";2020-06-16;"Nitriansky kraj";0;0
"2144";2020-06-17;"Nitriansky kraj";0;0
"2145";2020-06-18;"Nitriansky kraj";0;0
"2146";2020-06-19;"Nitriansky kraj";0;0
"2147";2020-06-20;"Nitriansky kraj";0;0
"2148";2020-06-21;"Nitriansky kraj";0;0
"2149";2020-06-22;"Nitriansky kraj";0;0
"2150";2020-06-23;"Nitriansky kraj";0;0
"2151";2020-06-24;"Nitriansky kraj";0;0
"2152";2020-06-25;"Nitriansky kraj";0;0
"2153";2020-06-26;"Nitriansky kraj";0;0
"2154";2020-06-27;"Nitriansky kraj";0;0
"2155";2020-06-28;"Nitriansky kraj";0;0
"2156";2020-06-29;"Nitriansky kraj";0;0
"2157";2020-06-30;"Nitriansky kraj";0;0
"2158";2020-07-01;"Nitriansky kraj";0;0
"2159";2020-07-02;"Nitriansky kraj";0;0
"2160";2020-07-03;"Nitriansky kraj";0;0
"2161";2020-07-04;"Nitriansky kraj";0;0
"2162";2020-07-05;"Nitriansky kraj";0;0
"2163";2020-07-06;"Nitriansky kraj";0;0
"2164";2020-07-07;"Nitriansky kraj";0;0
"2165";2020-07-08;"Nitriansky kraj";0;0
"2166";2020-07-09;"Nitriansky kraj";0;0
"2167";2020-07-10;"Nitriansky kraj";0;0
"2168";2020-07-11;"Nitriansky kraj";0;0
"2169";2020-07-12;"Nitriansky kraj";0;0
"2170";2020-07-13;"Nitriansky kraj";0;0
"2171";2020-07-14;"Nitriansky kraj";0;0
"2172";2020-07-15;"Nitriansky kraj";0;0
"2173";2020-07-16;"Nitriansky kraj";0;0
"2174";2020-07-17;"Nitriansky kraj";0;0
"2175";2020-07-18;"Nitriansky kraj";0;0
"2176";2020-07-19;"Nitriansky kraj";0;0
"2177";2020-07-20;"Nitriansky kraj";0;0
"2178";2020-07-21;"Nitriansky kraj";0;0
"2179";2020-07-22;"Nitriansky kraj";0;0
"2180";2020-07-23;"Nitriansky kraj";0;0
"2181";2020-07-24;"Nitriansky kraj";0;0
"2182";2020-07-25;"Nitriansky kraj";0;0
"2183";2020-07-26;"Nitriansky kraj";0;0
"2184";2020-07-27;"Nitriansky kraj";0;0
"2185";2020-07-28;"Nitriansky kraj";0;0
"2186";2020-07-29;"Nitriansky kraj";0;0
"2187";2020-07-30;"Nitriansky kraj";0;0
"2188";2020-07-31;"Nitriansky kraj";0;0
"2189";2020-08-01;"Nitriansky kraj";0;0
"2190";2020-08-02;"Nitriansky kraj";0;0
"2191";2020-08-03;"Nitriansky kraj";0;0
"2192";2020-08-04;"Nitriansky kraj";0;0
"2193";2020-08-05;"Nitriansky kraj";0;0
"2194";2020-08-06;"Nitriansky kraj";0;0
"2195";2020-08-07;"Nitriansky kraj";0;0
"2196";2020-08-08;"Nitriansky kraj";0;0
"2197";2020-08-09;"Nitriansky kraj";0;0
"2198";2020-08-10;"Nitriansky kraj";0;0
"2199";2020-08-11;"Nitriansky kraj";0;0
"2200";2020-08-12;"Nitriansky kraj";0;0
"2201";2020-08-13;"Nitriansky kraj";0;0
"2202";2020-08-14;"Nitriansky kraj";0;0
"2203";2020-08-15;"Nitriansky kraj";0;0
"2204";2020-08-16;"Nitriansky kraj";0;0
"2205";2020-08-17;"Nitriansky kraj";0;0
"2206";2020-08-18;"Nitriansky kraj";0;0
"2207";2020-08-19;"Nitriansky kraj";0;0
"2208";2020-08-20;"Nitriansky kraj";0;0
"2209";2020-08-21;"Nitriansky kraj";0;0
"2210";2020-08-22;"Nitriansky kraj";0;0
"2211";2020-08-23;"Nitriansky kraj";0;0
"2212";2020-08-24;"Nitriansky kraj";0;0
"2213";2020-08-25;"Nitriansky kraj";1;0
"2214";2020-08-26;"Nitriansky kraj";0;0
"2215";2020-08-27;"Nitriansky kraj";0;0
"2216";2020-08-28;"Nitriansky kraj";0;0
"2217";2020-08-29;"Nitriansky kraj";0;0
"2218";2020-08-30;"Nitriansky kraj";0;0
"2219";2020-08-31;"Nitriansky kraj";0;0
"2220";2020-09-01;"Nitriansky kraj";0;0
"2221";2020-09-02;"Nitriansky kraj";0;0
"2222";2020-09-03;"Nitriansky kraj";0;0
"2223";2020-09-04;"Nitriansky kraj";0;0
"2224";2020-09-05;"Nitriansky kraj";0;0
"2225";2020-09-06;"Nitriansky kraj";0;0
"2226";2020-09-07;"Nitriansky kraj";0;0
"2227";2020-09-08;"Nitriansky kraj";0;0
"2228";2020-09-09;"Nitriansky kraj";0;0
"2229";2020-09-10;"Nitriansky kraj";0;0
"2230";2020-09-11;"Nitriansky kraj";0;1
"2231";2020-09-12;"Nitriansky kraj";0;0
"2232";2020-09-13;"Nitriansky kraj";0;0
"2233";2020-09-14;"Nitriansky kraj";0;0
"2234";2020-09-15;"Nitriansky kraj";0;0
"2235";2020-09-16;"Nitriansky kraj";0;0
"2236";2020-09-17;"Nitriansky kraj";0;0
"2237";2020-09-18;"Nitriansky kraj";1;0
"2238";2020-09-19;"Nitriansky kraj";0;0
"2239";2020-09-20;"Nitriansky kraj";0;0
"2240";2020-09-21;"Nitriansky kraj";0;0
"2241";2020-09-22;"Nitriansky kraj";0;0
"2242";2020-09-23;"Nitriansky kraj";0;0
"2243";2020-09-24;"Nitriansky kraj";0;0
"2244";2020-09-25;"Nitriansky kraj";0;0
"2245";2020-09-26;"Nitriansky kraj";0;0
"2246";2020-09-27;"Nitriansky kraj";0;0
"2247";2020-09-28;"Nitriansky kraj";0;0
"2248";2020-09-29;"Nitriansky kraj";0;0
"2249";2020-09-30;"Nitriansky kraj";0;0
"2250";2020-10-01;"Nitriansky kraj";0;0
"2251";2020-10-02;"Nitriansky kraj";0;0
"2252";2020-10-03;"Nitriansky kraj";0;0
"2253";2020-10-04;"Nitriansky kraj";0;0
"2254";2020-10-05;"Nitriansky kraj";0;0
"2255";2020-10-06;"Nitriansky kraj";0;0
"2256";2020-10-07;"Nitriansky kraj";0;0
"2257";2020-10-08;"Nitriansky kraj";0;0
"2258";2020-10-09;"Nitriansky kraj";1;1
"2259";2020-10-10;"Nitriansky kraj";1;0
"2260";2020-10-11;"Nitriansky kraj";0;0
"2261";2020-10-12;"Nitriansky kraj";2;0
"2262";2020-10-13;"Nitriansky kraj";0;0
"2263";2020-10-14;"Nitriansky kraj";0;0
"2264";2020-10-15;"Nitriansky kraj";0;0
"2265";2020-10-16;"Nitriansky kraj";0;0
"2266";2020-10-17;"Nitriansky kraj";0;0
"2267";2020-10-18;"Nitriansky kraj";0;0
"2268";2020-10-19;"Nitriansky kraj";0;0
"2269";2020-10-20;"Nitriansky kraj";0;0
"2270";2020-10-21;"Nitriansky kraj";0;1
"2271";2020-10-22;"Nitriansky kraj";0;1
"2272";2020-10-23;"Nitriansky kraj";0;0
"2273";2020-10-24;"Nitriansky kraj";0;0
"2274";2020-10-25;"Nitriansky kraj";1;0
"2275";2020-10-26;"Nitriansky kraj";1;0
"2276";2020-10-27;"Nitriansky kraj";1;0
"2277";2020-10-28;"Nitriansky kraj";0;0
"2278";2020-10-29;"Nitriansky kraj";0;0
"2279";2020-10-30;"Nitriansky kraj";0;0
"2280";2020-10-31;"Nitriansky kraj";2;0
"2281";2020-11-01;"Nitriansky kraj";1;0
"2282";2020-11-02;"Nitriansky kraj";1;0
"2283";2020-11-03;"Nitriansky kraj";1;1
"2284";2020-11-04;"Nitriansky kraj";0;1
"2285";2020-11-05;"Nitriansky kraj";1;1
"2286";2020-11-06;"Nitriansky kraj";0;0
"2287";2020-11-07;"Nitriansky kraj";0;0
"2288";2020-11-08;"Nitriansky kraj";1;0
"2289";2020-11-09;"Nitriansky kraj";1;2
"2290";2020-11-10;"Nitriansky kraj";1;1
"2291";2020-11-11;"Nitriansky kraj";0;0
"2292";2020-11-12;"Nitriansky kraj";0;0
"2293";2020-11-13;"Nitriansky kraj";0;0
"2294";2020-11-14;"Nitriansky kraj";0;0
"2295";2020-11-15;"Nitriansky kraj";0;1
"2296";2020-11-16;"Nitriansky kraj";0;1
"2297";2020-11-17;"Nitriansky kraj";0;0
"2298";2020-11-18;"Nitriansky kraj";0;0
"2299";2020-11-19;"Nitriansky kraj";0;0
"2300";2020-11-20;"Nitriansky kraj";1;0
"2301";2020-11-21;"Nitriansky kraj";0;0
"2302";2020-11-22;"Nitriansky kraj";2;0
"2303";2020-11-23;"Nitriansky kraj";0;0
"2304";2020-11-24;"Nitriansky kraj";0;2
"2305";2020-11-25;"Nitriansky kraj";0;0
"2306";2020-11-26;"Nitriansky kraj";2;1
"2307";2020-11-27;"Nitriansky kraj";1;0
"2308";2020-11-28;"Nitriansky kraj";2;1
"2309";2020-11-29;"Nitriansky kraj";3;1
"2310";2020-11-30;"Nitriansky kraj";0;0
"2311";2020-12-01;"Nitriansky kraj";0;0
"2312";2020-12-02;"Nitriansky kraj";0;0
"2313";2020-12-03;"Nitriansky kraj";0;0
"2314";2020-12-04;"Nitriansky kraj";0;0
"2315";2020-12-05;"Nitriansky kraj";0;0
"2316";2020-12-06;"Nitriansky kraj";0;0
"2317";2020-12-07;"Nitriansky kraj";0;1
"2318";2020-12-08;"Nitriansky kraj";0;0
"2319";2020-12-09;"Nitriansky kraj";1;1
"2320";2020-12-10;"Nitriansky kraj";3;0
"2321";2020-12-11;"Nitriansky kraj";0;1
"2322";2020-12-12;"Nitriansky kraj";1;0
"2323";2020-12-13;"Nitriansky kraj";0;0
"2324";2020-12-14;"Nitriansky kraj";0;2
"2325";2020-12-15;"Nitriansky kraj";1;2
"2326";2020-12-16;"Nitriansky kraj";2;1
"2327";2020-12-17;"Nitriansky kraj";1;1
"2328";2020-12-18;"Nitriansky kraj";1;1
"2329";2020-12-19;"Nitriansky kraj";2;0
"2330";2020-12-20;"Nitriansky kraj";2;0
"2331";2020-12-21;"Nitriansky kraj";0;2
"2332";2020-12-22;"Nitriansky kraj";3;2
"2333";2020-12-23;"Nitriansky kraj";1;3
"2334";2020-12-24;"Nitriansky kraj";2;0
"2335";2020-12-25;"Nitriansky kraj";1;2
"2336";2020-12-26;"Nitriansky kraj";1;0
"2337";2020-12-27;"Nitriansky kraj";3;1
"2338";2020-12-28;"Nitriansky kraj";2;1
"2339";2020-12-29;"Nitriansky kraj";1;3
"2340";2020-12-30;"Nitriansky kraj";1;3
"2341";2020-12-31;"Nitriansky kraj";0;5
"2342";2021-01-01;"Nitriansky kraj";0;1
"2343";2021-01-02;"Nitriansky kraj";2;3
"2344";2021-01-03;"Nitriansky kraj";0;0
